RawResults_ds1_merged.csv	data/jensen_benchmark/Jensen_WindDataSet1_9algorithms_39configs_30runs_AllRuns_GNN-LX-SSA_feasible_1170of1170.csv
RawResults_ds2_merged.csv	data/jensen_benchmark/Jensen_WindDataSet2_9algorithms_39configs_30runs_AllRuns_GNN-LX-SSA_feasible_1170of1170.csv
RawResults_ds1_gnnrerun.csv	data/jensen_benchmark/Jensen_WindDataSet1_GNN-LX-SSA_only_39configs_30runs_1538-2601_evals.csv
RawResults_ds2_gnnrerun.csv	data/jensen_benchmark/Jensen_WindDataSet2_GNN-LX-SSA_only_39configs_30runs_1538-2601_evals.csv
Efficiency_ds1_merged.csv	data/jensen_benchmark/Jensen_WindDataSet1_BestWakeLoss_at_25-50-75-100pct_budget_MatchedBudget_3030.csv
Efficiency_ds2_merged.csv	data/jensen_benchmark/Jensen_WindDataSet2_BestWakeLoss_at_25-50-75-100pct_budget_MatchedBudget_3030.csv
ablation_results.csv	data/jensen_benchmark/Jensen_Ablation_3arms_LXSSA_vs_LXSSA+Repair_vs_GNN-LX-SSA_largest_configs_repair_gives_30of30.csv
RawResults_ds1_ablation_noSurrogate.csv	data/jensen_benchmark/Jensen_WindDataSet1_Ablation_NoSurrogate_LXSSA+R_39configs_surrogate_saves_two_thirds_evals.csv
RawResults_ds2_ablation_noSurrogate.csv	data/jensen_benchmark/Jensen_WindDataSet2_Ablation_NoSurrogate_LXSSA+R_39configs_surrogate_saves_two_thirds_evals.csv
RawResults_ds1_gaussian.csv	data/gaussian_benchmark/Gaussian_WindDataSet1_9algorithms_39configs_30runs_AllRuns_GNN-LX-SSA_feasible_1170of1170.csv
RawResults_ds2_gaussian.csv	data/gaussian_benchmark/Gaussian_WindDataSet2_9algorithms_39configs_30runs_AllRuns_GNN-LX-SSA_feasible_1170of1170.csv
Efficiency_ds1_gaussian.csv	data/gaussian_benchmark/Gaussian_WindDataSet1_BestWakeLoss_at_25-50-75-100pct_budget_MatchedBudget_3030.csv
Efficiency_ds2_gaussian.csv	data/gaussian_benchmark/Gaussian_WindDataSet2_BestWakeLoss_at_25-50-75-100pct_budget_MatchedBudget_3030.csv
RawResults_ds1_gaussian_ablation_noSurrogate.csv	data/gaussian_benchmark/Gaussian_WindDataSet1_Ablation_NoSurrogate_LXSSA+R_39configs.csv
RawResults_ds2_gaussian_ablation_noSurrogate.csv	data/gaussian_benchmark/Gaussian_WindDataSet2_Ablation_NoSurrogate_LXSSA+R_39configs.csv
ablation_median_traces_gaussian.csv	data/gaussian_benchmark/Gaussian_Ablation_MedianConvergenceTraces_GNN-LX-SSA_vs_LXSSA+R_EqualCost.csv
reanalysis_new.json	analysis_outputs/Jensen_Ranks_Friedman_Wilcoxon-Holm_MatchedBudget_GNN-LX-SSA_rank1_2.26_1.92.json
reanalysis_gauss.json	analysis_outputs/Gaussian_Ranks_Friedman_Wilcoxon-Holm_MatchedBudget_GNN-LX-SSA_rank1_2.56_2.00.json
gauss_numbers.json	analysis_outputs/Gaussian_Section_Extra_Numbers_RatioMedians_LargestConfigs_Layouts.json
gaussabl.json	analysis_outputs/Gaussian_Ablation_Surrogate_Cost_13-19pct_OwnBudget_2-5pct_EqualCost.json
gauss_analysis.json	analysis_outputs/Jensen_vs_Gaussian_Rank_Agreement_KendallTau_Wilcoxon-Holm.json
RawResults_ds1_ge15.csv	data/commercial_power_curve_GE1.5MW/GE1.5MW_PowerCurve_WindDataSet1_9algorithms_39configs_30runs_ranking_unchanged_KendallTau1.csv
RawResults_ds2_ge15.csv	data/commercial_power_curve_GE1.5MW/GE1.5MW_PowerCurve_WindDataSet2_9algorithms_39configs_30runs_ranking_unchanged_KendallTau1.csv
Efficiency_ds1_ge15.csv	data/commercial_power_curve_GE1.5MW/GE1.5MW_PowerCurve_WindDataSet1_BestWakeLoss_at_25-50-75-100pct_budget.csv
Efficiency_ds2_ge15.csv	data/commercial_power_curve_GE1.5MW/GE1.5MW_PowerCurve_WindDataSet2_BestWakeLoss_at_25-50-75-100pct_budget.csv
pc_analysis.json	analysis_outputs/GE1.5MW_PowerCurve_Ranks_vs_Linear_KendallTau1_Wilcoxon-Holm_GNN-LX-SSA_rank1_2.33_1.92.json
reanalysis_ge15.json	analysis_outputs/GE1.5MW_PowerCurve_Friedman_Wilcoxon-Holm_MatchedBudget_GNN-LX-SSA_rank1.json
