Radius,Turbines,Algorithm,BudgetFraction,ExactEvaluations,BestWakeLoss
1000,10,BBO,0.25,780.0,2032.249696716404
1000,10,BBO,0.5,1530.0,1468.665805627577
1000,10,BBO,0.75,2280.0,1333.179718525658
1000,10,BBO,1.0,3030.0,1097.682009482189
1000,10,DE,0.25,780.0,4707.615318651558
1000,10,DE,0.5,1530.0,2567.933309815271
1000,10,DE,0.75,2280.0,2567.933309815271
1000,10,DE,1.0,3030.0,2567.933309815271
1000,10,GA,0.25,780.0,2887.882041520235
1000,10,GA,0.5,1530.0,2119.072934312499
1000,10,GA,0.75,2280.0,2119.072934312499
1000,10,GA,1.0,3030.0,2119.072934312499
1000,10,GWO,0.25,780.0,3379.502409488035
1000,10,GWO,0.5,1530.0,2853.762952864519
1000,10,GWO,0.75,2280.0,2039.086757958183
1000,10,GWO,1.0,3030.0,1309.208252220968
1000,10,LXSSA,0.25,1530.0,3002.588476727149
1000,10,LXSSA,0.5,3030.0,1772.916178843981
1000,10,LXSSA,0.75,4530.0,1502.213048382197
1000,10,LXSSA,1.0,6030.0,1499.79970136084
1000,10,PF,0.25,780.0,3.023908727051169e+23
1000,10,PF,0.5,1530.0,3.023908727051169e+23
1000,10,PF,0.75,2280.0,3016.690451011178
1000,10,PF,1.0,3030.0,1215.745884219723
1000,10,PSO,0.25,780.0,4502.953180729426
1000,10,PSO,0.5,1530.0,3602.097995316319
1000,10,PSO,0.75,2280.0,2101.265218545988
1000,10,PSO,1.0,3030.0,1893.210136484078
1000,10,SSA,0.25,780.0,3353.706117013804
1000,10,SSA,0.5,1530.0,1739.242612657428
1000,10,SSA,0.75,2280.0,1297.331820323059
1000,10,SSA,1.0,3030.0,1296.557072239506
1000,11,BBO,0.25,780.0,3155.073769703464
1000,11,BBO,0.5,1530.0,2391.698809560054
1000,11,BBO,0.75,2280.0,1998.718963525884
1000,11,BBO,1.0,3030.0,1613.769532735721
1000,11,DE,0.25,780.0,7.168024954196407e+23
1000,11,DE,0.5,1530.0,3994.421118091574
1000,11,DE,0.75,2280.0,3514.396403960447
1000,11,DE,1.0,3030.0,3514.396403960447
1000,11,GA,0.25,780.0,5130.568250926313
1000,11,GA,0.5,1530.0,4259.927621537208
1000,11,GA,0.75,2280.0,3813.344707291661
1000,11,GA,1.0,3030.0,3135.925503575258
1000,11,GWO,0.25,780.0,1.962667300649787e+23
1000,11,GWO,0.5,1530.0,3141.153586718443
1000,11,GWO,0.75,2280.0,2481.808512336182
1000,11,GWO,1.0,3030.0,1629.63309990344
1000,11,LXSSA,0.25,1530.0,3473.372636459128
1000,11,LXSSA,0.5,3030.0,2402.063775784525
1000,11,LXSSA,0.75,4530.0,2103.610039087202
1000,11,LXSSA,1.0,6030.0,2095.105643395931
1000,11,PF,0.25,780.0,2.401501105253802e+24
1000,11,PF,0.5,1530.0,7.503261980416987e+23
1000,11,PF,0.75,2280.0,3567.027605953917
1000,11,PF,1.0,3030.0,2297.090890230276
1000,11,PSO,0.25,780.0,9.606139668510989e+21
1000,11,PSO,0.5,1530.0,2801.759253807264
1000,11,PSO,0.75,2280.0,2752.462447861151
1000,11,PSO,1.0,3030.0,2752.462447861151
1000,11,SSA,0.25,780.0,4106.808064287368
1000,11,SSA,0.5,1530.0,2554.195394435417
1000,11,SSA,0.75,2280.0,2318.606586133261
1000,11,SSA,1.0,3030.0,2317.366375314858
1000,12,BBO,0.25,780.0,4763.676840208864
1000,12,BBO,0.5,1530.0,3309.207526570564
1000,12,BBO,0.75,2280.0,2459.722525490215
1000,12,BBO,1.0,3030.0,2061.607120781482
1000,12,DE,0.25,780.0,6.310399090677163e+23
1000,12,DE,0.5,1530.0,6.310399090677163e+23
1000,12,DE,0.75,2280.0,6.237451776312299e+23
1000,12,DE,1.0,3030.0,4639.559312140496
1000,12,GA,0.25,780.0,4638.404551978325
1000,12,GA,0.5,1530.0,4486.325811425937
1000,12,GA,0.75,2280.0,3669.269925884408
1000,12,GA,1.0,3030.0,3669.269925884408
1000,12,GWO,0.25,780.0,2.322031090061825e+23
1000,12,GWO,0.5,1530.0,4599.482208818605
1000,12,GWO,0.75,2280.0,3613.365870578593
1000,12,GWO,1.0,3030.0,2780.662614845627
1000,12,LXSSA,0.25,1530.0,8.761124349003187e+21
1000,12,LXSSA,0.5,3030.0,3378.32995591416
1000,12,LXSSA,0.75,4530.0,3036.520256618751
1000,12,LXSSA,1.0,6030.0,3027.413627545393
1000,12,PF,0.25,780.0,6.259043411210985e+24
1000,12,PF,0.5,1530.0,2.627202717255353e+23
1000,12,PF,0.75,2280.0,6.084635214664289e+22
1000,12,PF,1.0,3030.0,2842.00938858166
1000,12,PSO,0.25,780.0,5323.520279684424
1000,12,PSO,0.5,1530.0,3422.954857436009
1000,12,PSO,0.75,2280.0,3274.352845644738
1000,12,PSO,1.0,3030.0,3274.352845644738
1000,12,SSA,0.25,780.0,9.896823341383077e+23
1000,12,SSA,0.5,1530.0,3165.513243164722
1000,12,SSA,0.75,2280.0,2810.011779568886
1000,12,SSA,1.0,3030.0,2808.479174461521
1000,13,BBO,0.25,780.0,5074.656423522552
1000,13,BBO,0.5,1530.0,3798.604647801796
1000,13,BBO,0.75,2280.0,3187.890805343122
1000,13,BBO,1.0,3030.0,2990.811655444544
1000,13,DE,0.25,780.0,1.292260245439762e+24
1000,13,DE,0.5,1530.0,1.158522405181979e+22
1000,13,DE,0.75,2280.0,1.158522405181979e+22
1000,13,DE,1.0,3030.0,1.158522405181979e+22
1000,13,GA,0.25,780.0,6269.835860468404
1000,13,GA,0.5,1530.0,6269.835860468404
1000,13,GA,0.75,2280.0,5188.989423235893
1000,13,GA,1.0,3030.0,5188.989423235893
1000,13,GWO,0.25,780.0,1.628173927069074e+24
1000,13,GWO,0.5,1530.0,6282.122529059692
1000,13,GWO,0.75,2280.0,4560.685755483384
1000,13,GWO,1.0,3030.0,3711.772893678542
1000,13,LXSSA,0.25,1530.0,2.054191684439521e+22
1000,13,LXSSA,0.5,3030.0,4493.851332655162
1000,13,LXSSA,0.75,4530.0,3892.656761709673
1000,13,LXSSA,1.0,6030.0,3858.611198088722
1000,13,PF,0.25,780.0,1.977855933330052e+24
1000,13,PF,0.5,1530.0,1.977855933330052e+24
1000,13,PF,0.75,2280.0,2.481581047155583e+23
1000,13,PF,1.0,3030.0,3756.931941867908
1000,13,PSO,0.25,780.0,9.546528354754484e+22
1000,13,PSO,0.5,1530.0,6028.720510072657
1000,13,PSO,0.75,2280.0,4651.845268372897
1000,13,PSO,1.0,3030.0,4328.096650632142
1000,13,SSA,0.25,780.0,2.698381221758249e+22
1000,13,SSA,0.5,1530.0,4216.766338253132
1000,13,SSA,0.75,2280.0,3896.534867255468
1000,13,SSA,1.0,3030.0,3894.988705240336
1000,14,BBO,0.25,780.0,1.281786669197229e+23
1000,14,BBO,0.5,1530.0,4940.49017776463
1000,14,BBO,0.75,2280.0,4288.36461395878
1000,14,BBO,1.0,3030.0,3461.09040498572
1000,14,DE,0.25,780.0,2.084670608586912e+24
1000,14,DE,0.5,1530.0,1.02380258874374e+24
1000,14,DE,0.75,2280.0,1.406754729327465e+23
1000,14,DE,1.0,3030.0,1.406754729327465e+23
1000,14,GA,0.25,780.0,1.799373597004155e+24
1000,14,GA,0.5,1530.0,6334.786949304093
1000,14,GA,0.75,2280.0,6334.786949304093
1000,14,GA,1.0,3030.0,6334.786949304093
1000,14,GWO,0.25,780.0,2.2756443255871e+24
1000,14,GWO,0.5,1530.0,8826.024581912658
1000,14,GWO,0.75,2280.0,5696.671603734023
1000,14,GWO,1.0,3030.0,4525.396483583449
1000,14,LXSSA,0.25,1530.0,1.515942306975531e+24
1000,14,LXSSA,0.5,3030.0,5191.464582449888
1000,14,LXSSA,0.75,4530.0,4682.099684625588
1000,14,LXSSA,1.0,6030.0,4677.519547775315
1000,14,PF,0.25,780.0,5.045280253529e+24
1000,14,PF,0.5,1530.0,2.851942794472092e+24
1000,14,PF,0.75,2280.0,1.850409162087996e+24
1000,14,PF,1.0,3030.0,5037.273065533765
1000,14,PSO,0.25,780.0,2.321837406399928e+24
1000,14,PSO,0.5,1530.0,8.10392608111631e+22
1000,14,PSO,0.75,2280.0,4.9681963039519e+20
1000,14,PSO,1.0,3030.0,5876.395421190507
1000,14,SSA,0.25,780.0,6.868051946347149e+23
1000,14,SSA,0.5,1530.0,5575.453654783647
1000,14,SSA,0.75,2280.0,4512.928647012144
1000,14,SSA,1.0,3030.0,4511.314264745437
1000,15,BBO,0.25,780.0,6770.314538935359
1000,15,BBO,0.5,1530.0,5498.12234070561
1000,15,BBO,0.75,2280.0,4812.945957494274
1000,15,BBO,1.0,3030.0,4703.037218265192
1000,15,DE,0.25,780.0,2.495926190598846e+23
1000,15,DE,0.5,1530.0,2.495926190598846e+23
1000,15,DE,0.75,2280.0,2.495926190598846e+23
1000,15,DE,1.0,3030.0,2.495926190598846e+23
1000,15,GA,0.25,780.0,8.694257426472533e+23
1000,15,GA,0.5,1530.0,7.676578256775666e+23
1000,15,GA,0.75,2280.0,2.068638492572682e+21
1000,15,GA,1.0,3030.0,2.068638492572682e+21
1000,15,GWO,0.25,780.0,3.786593365576928e+24
1000,15,GWO,0.5,1530.0,4.623158872470105e+23
1000,15,GWO,0.75,2280.0,7729.898481992961
1000,15,GWO,1.0,3030.0,5812.130297084266
1000,15,LXSSA,0.25,1530.0,1.17826873054686e+24
1000,15,LXSSA,0.5,3030.0,6339.917914851147
1000,15,LXSSA,0.75,4530.0,5762.269082724466
1000,15,LXSSA,1.0,6030.0,5759.572582632332
1000,15,PF,0.25,780.0,1.030932930881972e+25
1000,15,PF,0.5,1530.0,2.797891307654533e+24
1000,15,PF,0.75,2280.0,2.797891307654533e+24
1000,15,PF,1.0,3030.0,6119.683661370742
1000,15,PSO,0.25,780.0,1.299551493724109e+24
1000,15,PSO,0.5,1530.0,5.551456785031106e+23
1000,15,PSO,0.75,2280.0,8.817884390308443e+22
1000,15,PSO,1.0,3030.0,7112.791218328071
1000,15,SSA,0.25,780.0,9.862611302545325e+23
1000,15,SSA,0.5,1530.0,7236.827272102499
1000,15,SSA,0.75,2280.0,6385.060204301961
1000,15,SSA,1.0,3030.0,6382.021405614723
1000,16,BBO,0.25,780.0,7892.106046202549
1000,16,BBO,0.5,1530.0,6316.450961168841
1000,16,BBO,0.75,2280.0,5660.661540508314
1000,16,BBO,1.0,3030.0,5286.871685769074
1000,16,DE,0.25,780.0,7.399619332454987e+24
1000,16,DE,0.5,1530.0,4.336168296119959e+24
1000,16,DE,0.75,2280.0,4.336168296119959e+24
1000,16,DE,1.0,3030.0,1.530923488187941e+24
1000,16,GA,0.25,780.0,1.43568761171327e+24
1000,16,GA,0.5,1530.0,7.507314711442626e+23
1000,16,GA,0.75,2280.0,7.507314711442626e+23
1000,16,GA,1.0,3030.0,1.202145511533359e+23
1000,16,GWO,0.25,780.0,4.148265211178896e+24
1000,16,GWO,0.5,1530.0,9.410207585973199e+23
1000,16,GWO,0.75,2280.0,8739.48158579976
1000,16,GWO,1.0,3030.0,7596.508206977524
1000,16,LXSSA,0.25,1530.0,5.322544563707943e+23
1000,16,LXSSA,0.5,3030.0,8428.759286729415
1000,16,LXSSA,0.75,4530.0,6995.043939825147
1000,16,LXSSA,1.0,6030.0,6966.882560649639
1000,16,PF,0.25,780.0,1.156142137656797e+25
1000,16,PF,0.5,1530.0,6.775500500565047e+24
1000,16,PF,0.75,2280.0,4.19439507025158e+24
1000,16,PF,1.0,3030.0,6913.314940784592
1000,16,PSO,0.25,780.0,1.172625063694339e+24
1000,16,PSO,0.5,1530.0,4.190347305136664e+23
1000,16,PSO,0.75,2280.0,3.133311044768995e+22
1000,16,PSO,1.0,3030.0,5.431284023560047e+21
1000,16,SSA,0.25,780.0,4.960849364658514e+24
1000,16,SSA,0.5,1530.0,8219.897336950526
1000,16,SSA,0.75,2280.0,7052.980752105126
1000,16,SSA,1.0,3030.0,7050.147882258607
1000,17,BBO,0.25,780.0,8.533013136206547e+23
1000,17,BBO,0.5,1530.0,8562.96385078704
1000,17,BBO,0.75,2280.0,7261.689137229798
1000,17,BBO,1.0,3030.0,6779.527011260114
1000,17,DE,0.25,780.0,6.781974688732227e+24
1000,17,DE,0.5,1530.0,2.490710661241811e+24
1000,17,DE,0.75,2280.0,2.490710661241811e+24
1000,17,DE,1.0,3030.0,2.490710661241811e+24
1000,17,GA,0.25,780.0,2.43726012711243e+24
1000,17,GA,0.5,1530.0,5.112713535739873e+23
1000,17,GA,0.75,2280.0,3.415294903436749e+23
1000,17,GA,1.0,3030.0,3.415294903436749e+23
1000,17,GWO,0.25,780.0,7.010627401853307e+24
1000,17,GWO,0.5,1530.0,7.749432708610963e+23
1000,17,GWO,0.75,2280.0,10855.88391609315
1000,17,GWO,1.0,3030.0,7874.054563701284
1000,17,LXSSA,0.25,1530.0,3.407799216541987e+24
1000,17,LXSSA,0.5,3030.0,3.921842443238235e+19
1000,17,LXSSA,0.75,4530.0,8449.111983280935
1000,17,LXSSA,1.0,6030.0,8400.34886213926
1000,17,PF,0.25,780.0,1.098941221359853e+29
1000,17,PF,0.5,1530.0,1.941139015626433e+24
1000,17,PF,0.75,2280.0,1.941139015626433e+24
1000,17,PF,1.0,3030.0,7984.038122276499
1000,17,PSO,0.25,780.0,5.657412974487481e+24
1000,17,PSO,0.5,1530.0,3.317791703592563e+24
1000,17,PSO,0.75,2280.0,1.951720163855988e+24
1000,17,PSO,1.0,3030.0,9.296180641988099e+22
1000,17,SSA,0.25,780.0,6.826745245893749e+24
1000,17,SSA,0.5,1530.0,9058.033973070356
1000,17,SSA,0.75,2280.0,8107.97958891005
1000,17,SSA,1.0,3030.0,8104.676318817888
1000,18,BBO,0.25,780.0,9.29536140416164e+21
1000,18,BBO,0.5,1530.0,9119.341666078893
1000,18,BBO,0.75,2280.0,8263.814604149025
1000,18,BBO,1.0,3030.0,8023.9092313031
1000,18,DE,0.25,780.0,1.559954644273783e+25
1000,18,DE,0.5,1530.0,2.662563757620882e+24
1000,18,DE,0.75,2280.0,2.662563757620882e+24
1000,18,DE,1.0,3030.0,2.662563757620882e+24
1000,18,GA,0.25,780.0,3.31172069110223e+24
1000,18,GA,0.5,1530.0,6.562455984805623e+23
1000,18,GA,0.75,2280.0,6.562455984805623e+23
1000,18,GA,1.0,3030.0,6.562455984805623e+23
1000,18,GWO,0.25,780.0,6.441730278499965e+24
1000,18,GWO,0.5,1530.0,1.172203220332664e+24
1000,18,GWO,0.75,2280.0,7.50692280490654e+22
1000,18,GWO,1.0,3030.0,9881.562516047532
1000,18,LXSSA,0.25,1530.0,5.968640573136455e+24
1000,18,LXSSA,0.5,3030.0,2.029862795054601e+23
1000,18,LXSSA,0.75,4530.0,9695.679139485175
1000,18,LXSSA,1.0,6030.0,9654.61376001958
1000,18,PF,0.25,780.0,2.399892426480545e+28
1000,18,PF,0.5,1530.0,1.216451551067129e+25
1000,18,PF,0.75,2280.0,3.877311787104481e+24
1000,18,PF,1.0,3030.0,10188.20380286073
1000,18,PSO,0.25,780.0,5.305803454554297e+24
1000,18,PSO,0.5,1530.0,2.056002503213346e+24
1000,18,PSO,0.75,2280.0,1.986620517334104e+23
1000,18,PSO,1.0,3030.0,1.480310295685551e+23
1000,18,SSA,0.25,780.0,9.07352151692579e+24
1000,18,SSA,0.5,1530.0,11074.73260258754
1000,18,SSA,0.75,2280.0,10059.25705548335
1000,18,SSA,1.0,3030.0,10055.94165728087
1000,2,BBO,0.25,780.0,0.0
1000,2,BBO,0.5,1530.0,0.0
1000,2,BBO,0.75,2280.0,0.0
1000,2,BBO,1.0,3030.0,0.0
1000,2,DE,0.25,780.0,0.0
1000,2,DE,0.5,1530.0,0.0
1000,2,DE,0.75,2280.0,0.0
1000,2,DE,1.0,3030.0,0.0
1000,2,GA,0.25,780.0,0.0
1000,2,GA,0.5,1530.0,0.0
1000,2,GA,0.75,2280.0,0.0
1000,2,GA,1.0,3030.0,0.0
1000,2,GWO,0.25,780.0,0.0
1000,2,GWO,0.5,1530.0,0.0
1000,2,GWO,0.75,2280.0,0.0
1000,2,GWO,1.0,3030.0,0.0
1000,2,LXSSA,0.25,1530.0,0.0
1000,2,LXSSA,0.5,3030.0,0.0
1000,2,LXSSA,0.75,4530.0,0.0
1000,2,LXSSA,1.0,6030.0,0.0
1000,2,PF,0.25,780.0,0.0
1000,2,PF,0.5,1530.0,0.0
1000,2,PF,0.75,2280.0,0.0
1000,2,PF,1.0,3030.0,0.0
1000,2,PSO,0.25,780.0,0.0
1000,2,PSO,0.5,1530.0,0.0
1000,2,PSO,0.75,2280.0,0.0
1000,2,PSO,1.0,3030.0,0.0
1000,2,SSA,0.25,780.0,0.0
1000,2,SSA,0.5,1530.0,0.0
1000,2,SSA,0.75,2280.0,0.0
1000,2,SSA,1.0,3030.0,0.0
1000,3,BBO,0.25,780.0,9.59744173177387
1000,3,BBO,0.5,1530.0,0.0
1000,3,BBO,0.75,2280.0,0.0
1000,3,BBO,1.0,3030.0,0.0
1000,3,DE,0.25,780.0,8.781761124642799
1000,3,DE,0.5,1530.0,6.515952707621182
1000,3,DE,0.75,2280.0,0.0
1000,3,DE,1.0,3030.0,0.0
1000,3,GA,0.25,780.0,0.0
1000,3,GA,0.5,1530.0,0.0
1000,3,GA,0.75,2280.0,0.0
1000,3,GA,1.0,3030.0,0.0
1000,3,GWO,0.25,780.0,5.076758841165429
1000,3,GWO,0.5,1530.0,0.0
1000,3,GWO,0.75,2280.0,0.0
1000,3,GWO,1.0,3030.0,0.0
1000,3,LXSSA,0.25,1530.0,0.0
1000,3,LXSSA,0.5,3030.0,0.0
1000,3,LXSSA,0.75,4530.0,0.0
1000,3,LXSSA,1.0,6030.0,0.0
1000,3,PF,0.25,780.0,9.365298756347329
1000,3,PF,0.5,1530.0,0.0
1000,3,PF,0.75,2280.0,0.0
1000,3,PF,1.0,3030.0,0.0
1000,3,PSO,0.25,780.0,7.489859601217177
1000,3,PSO,0.5,1530.0,0.0
1000,3,PSO,0.75,2280.0,0.0
1000,3,PSO,1.0,3030.0,0.0
1000,3,SSA,0.25,780.0,0.0
1000,3,SSA,0.5,1530.0,0.0
1000,3,SSA,0.75,2280.0,0.0
1000,3,SSA,1.0,3030.0,0.0
1000,4,BBO,0.25,780.0,34.80480168828217
1000,4,BBO,0.5,1530.0,18.30781094913982
1000,4,BBO,0.75,2280.0,0.0
1000,4,BBO,1.0,3030.0,0.0
1000,4,DE,0.25,780.0,107.9080168109904
1000,4,DE,0.5,1530.0,31.68852315947152
1000,4,DE,0.75,2280.0,31.68852315947152
1000,4,DE,1.0,3030.0,31.68852315947152
1000,4,GA,0.25,780.0,89.44575804283886
1000,4,GA,0.5,1530.0,7.748081200825254
1000,4,GA,0.75,2280.0,7.748081200825254
1000,4,GA,1.0,3030.0,7.748081200825254
1000,4,GWO,0.25,780.0,44.4471553854637
1000,4,GWO,0.5,1530.0,16.52980807102358
1000,4,GWO,0.75,2280.0,16.52980807102358
1000,4,GWO,1.0,3030.0,4.050247827082785
1000,4,LXSSA,0.25,1530.0,111.6129542768431
1000,4,LXSSA,0.5,3030.0,0.0
1000,4,LXSSA,0.75,4530.0,0.0
1000,4,LXSSA,1.0,6030.0,0.0
1000,4,PF,0.25,780.0,128.1412587013401
1000,4,PF,0.5,1530.0,63.02273314697959
1000,4,PF,0.75,2280.0,63.02273314697959
1000,4,PF,1.0,3030.0,0.0
1000,4,PSO,0.25,780.0,102.2110776524387
1000,4,PSO,0.5,1530.0,64.03264506420965
1000,4,PSO,0.75,2280.0,60.03850381363372
1000,4,PSO,1.0,3030.0,10.36403257820712
1000,4,SSA,0.25,780.0,38.00070417175812
1000,4,SSA,0.5,1530.0,0.0
1000,4,SSA,0.75,2280.0,0.0
1000,4,SSA,1.0,3030.0,0.0
1000,5,BBO,0.25,780.0,86.92892520230816
1000,5,BBO,0.5,1530.0,46.21222576424771
1000,5,BBO,0.75,2280.0,46.19537081046292
1000,5,BBO,1.0,3030.0,46.19155351180962
1000,5,DE,0.25,780.0,115.1567560643598
1000,5,DE,0.5,1530.0,115.1567560643598
1000,5,DE,0.75,2280.0,115.1567560643598
1000,5,DE,1.0,3030.0,115.1567560643598
1000,5,GA,0.25,780.0,138.8933017517556
1000,5,GA,0.5,1530.0,138.8933017517556
1000,5,GA,0.75,2280.0,56.89956678587623
1000,5,GA,1.0,3030.0,56.89956678587623
1000,5,GWO,0.25,780.0,226.2051523013506
1000,5,GWO,0.5,1530.0,183.0688383954257
1000,5,GWO,0.75,2280.0,92.53700409986777
1000,5,GWO,1.0,3030.0,32.29829922954377
1000,5,LXSSA,0.25,1530.0,390.8249433184974
1000,5,LXSSA,0.5,3030.0,173.3213701872082
1000,5,LXSSA,0.75,4530.0,40.16472840445203
1000,5,LXSSA,1.0,6030.0,39.92525126862165
1000,5,PF,0.25,780.0,240.1772775612844
1000,5,PF,0.5,1530.0,240.1772775612844
1000,5,PF,0.75,2280.0,169.8552664052186
1000,5,PF,1.0,3030.0,27.04670611128677
1000,5,PSO,0.25,780.0,216.3415094080701
1000,5,PSO,0.5,1530.0,118.364700716651
1000,5,PSO,0.75,2280.0,81.17228557308408
1000,5,PSO,1.0,3030.0,55.86043348415842
1000,5,SSA,0.25,780.0,318.1435032462614
1000,5,SSA,0.5,1530.0,61.51925598020171
1000,5,SSA,0.75,2280.0,57.88285494108277
1000,5,SSA,1.0,3030.0,57.86378300742945
1000,6,BBO,0.25,780.0,282.4881285482843
1000,6,BBO,0.5,1530.0,121.2060165832154
1000,6,BBO,0.75,2280.0,121.2060165832154
1000,6,BBO,1.0,3030.0,121.0797680488104
1000,6,DE,0.25,780.0,664.3349909005992
1000,6,DE,0.5,1530.0,664.3349909005992
1000,6,DE,0.75,2280.0,366.5547655760893
1000,6,DE,1.0,3030.0,366.5547655760893
1000,6,GA,0.25,780.0,564.0160267089886
1000,6,GA,0.5,1530.0,506.9637106199589
1000,6,GA,0.75,2280.0,269.1427158736333
1000,6,GA,1.0,3030.0,269.1427158736333
1000,6,GWO,0.25,780.0,643.3972414969103
1000,6,GWO,0.5,1530.0,422.7814913672992
1000,6,GWO,0.75,2280.0,350.130842997125
1000,6,GWO,1.0,3030.0,70.02862601592642
1000,6,LXSSA,0.25,1530.0,633.4092309521293
1000,6,LXSSA,0.5,3030.0,142.6230988491952
1000,6,LXSSA,0.75,4530.0,83.26737832556682
1000,6,LXSSA,1.0,6030.0,83.17647880315053
1000,6,PF,0.25,780.0,487.2377597611776
1000,6,PF,0.5,1530.0,487.2377597611776
1000,6,PF,0.75,2280.0,331.3972493107794
1000,6,PF,1.0,3030.0,91.9339528631026
1000,6,PSO,0.25,780.0,480.0311664907786
1000,6,PSO,0.5,1530.0,258.5830666450056
1000,6,PSO,0.75,2280.0,176.0410858854375
1000,6,PSO,1.0,3030.0,114.0058914726396
1000,6,SSA,0.25,780.0,743.576379627797
1000,6,SSA,0.5,1530.0,236.8213067541146
1000,6,SSA,0.75,2280.0,146.0284711531203
1000,6,SSA,1.0,3030.0,145.9364946746718
1000,7,BBO,0.25,780.0,618.7397707575365
1000,7,BBO,0.5,1530.0,531.9338291152599
1000,7,BBO,0.75,2280.0,485.0627743822479
1000,7,BBO,1.0,3030.0,273.6188041098576
1000,7,DE,0.25,780.0,1191.914621224925
1000,7,DE,0.5,1530.0,710.8032146887417
1000,7,DE,0.75,2280.0,710.8032146887417
1000,7,DE,1.0,3030.0,710.8032146887417
1000,7,GA,0.25,780.0,1073.885623971299
1000,7,GA,0.5,1530.0,835.784394299284
1000,7,GA,0.75,2280.0,644.2538119814344
1000,7,GA,1.0,3030.0,644.2538119814344
1000,7,GWO,0.25,780.0,981.8218140311656
1000,7,GWO,0.5,1530.0,822.8417175631039
1000,7,GWO,0.75,2280.0,663.0733517702029
1000,7,GWO,1.0,3030.0,245.5088401425819
1000,7,LXSSA,0.25,1530.0,1056.195285810929
1000,7,LXSSA,0.5,3030.0,260.6717509970695
1000,7,LXSSA,0.75,4530.0,223.2582337112617
1000,7,LXSSA,1.0,6030.0,221.3822625975081
1000,7,PF,0.25,780.0,1236.492308200199
1000,7,PF,0.5,1530.0,1084.924266610375
1000,7,PF,0.75,2280.0,761.0985959609025
1000,7,PF,1.0,3030.0,228.8919198000513
1000,7,PSO,0.25,780.0,947.2526543671047
1000,7,PSO,0.5,1530.0,539.5627368734931
1000,7,PSO,0.75,2280.0,538.4752083715648
1000,7,PSO,1.0,3030.0,493.07977520438
1000,7,SSA,0.25,780.0,1229.444061637019
1000,7,SSA,0.5,1530.0,454.0697084849598
1000,7,SSA,0.75,2280.0,230.7863665340919
1000,7,SSA,1.0,3030.0,230.6863718715977
1000,8,BBO,0.25,780.0,971.6802628485893
1000,8,BBO,0.5,1530.0,641.2560178025378
1000,8,BBO,0.75,2280.0,553.3855153519617
1000,8,BBO,1.0,3030.0,402.4079626970997
1000,8,DE,0.25,780.0,1785.350299008926
1000,8,DE,0.5,1530.0,1785.350299008926
1000,8,DE,0.75,2280.0,1337.079339917771
1000,8,DE,1.0,3030.0,1168.502664171283
1000,8,GA,0.25,780.0,1335.287907090395
1000,8,GA,0.5,1530.0,1318.451587460477
1000,8,GA,0.75,2280.0,1027.127912519747
1000,8,GA,1.0,3030.0,1027.127912519747
1000,8,GWO,0.25,780.0,1664.868981691317
1000,8,GWO,0.5,1530.0,1520.741181382946
1000,8,GWO,0.75,2280.0,884.3082755421783
1000,8,GWO,1.0,3030.0,419.7365087592116
1000,8,LXSSA,0.25,1530.0,1232.76431033988
1000,8,LXSSA,0.5,3030.0,741.6352886359382
1000,8,LXSSA,0.75,4530.0,406.2360997625728
1000,8,LXSSA,1.0,6030.0,405.5352985994177
1000,8,PF,0.25,780.0,2552.219278011988
1000,8,PF,0.5,1530.0,1589.036893270713
1000,8,PF,0.75,2280.0,1116.503048207342
1000,8,PF,1.0,3030.0,544.8281185247324
1000,8,PSO,0.25,780.0,1606.591680713296
1000,8,PSO,0.5,1530.0,1338.534856147853
1000,8,PSO,0.75,2280.0,691.114564654119
1000,8,PSO,1.0,3030.0,691.114564654119
1000,8,SSA,0.25,780.0,1425.506108436035
1000,8,SSA,0.5,1530.0,857.9231981300036
1000,8,SSA,0.75,2280.0,577.3492031359565
1000,8,SSA,1.0,3030.0,576.9039419441106
1000,9,BBO,0.25,780.0,1279.583464739415
1000,9,BBO,0.5,1530.0,1152.804286846425
1000,9,BBO,0.75,2280.0,935.7852045942418
1000,9,BBO,1.0,3030.0,620.8934448389336
1000,9,DE,0.25,780.0,2615.122596771143
1000,9,DE,0.5,1530.0,1799.722691939205
1000,9,DE,0.75,2280.0,1799.722691939205
1000,9,DE,1.0,3030.0,1799.722691939205
1000,9,GA,0.25,780.0,1916.132501212975
1000,9,GA,0.5,1530.0,1916.132501212975
1000,9,GA,0.75,2280.0,1916.132501212975
1000,9,GA,1.0,3030.0,1446.691348105
1000,9,GWO,0.25,780.0,3092.190204146231
1000,9,GWO,0.5,1530.0,1863.601742373838
1000,9,GWO,0.75,2280.0,1574.108584097252
1000,9,GWO,1.0,3030.0,808.7931267927634
1000,9,LXSSA,0.25,1530.0,2088.97542513581
1000,9,LXSSA,0.5,3030.0,1114.713346823803
1000,9,LXSSA,0.75,4530.0,675.6348761220142
1000,9,LXSSA,1.0,6030.0,673.9260367353418
1000,9,PF,0.25,780.0,5.113225087278013e+22
1000,9,PF,0.5,1530.0,1.06862121362064e+21
1000,9,PF,0.75,2280.0,1682.122624886964
1000,9,PF,1.0,3030.0,894.3095757892515
1000,9,PSO,0.25,780.0,3.783803394897428e+19
1000,9,PSO,0.5,1530.0,1852.707831107145
1000,9,PSO,0.75,2280.0,1252.790997906675
1000,9,PSO,1.0,3030.0,961.6452628136612
1000,9,SSA,0.25,780.0,2215.716821565693
1000,9,SSA,0.5,1530.0,1211.73580363435
1000,9,SSA,0.75,2280.0,743.7798881078925
1000,9,SSA,1.0,3030.0,743.3398891084071
500,10,BBO,0.25,780.0,1.356850812396723e+24
500,10,BBO,0.5,1530.0,2.982297029245704e+23
500,10,BBO,0.75,2280.0,2.342937105041126e+23
500,10,BBO,1.0,3030.0,6.353878343117422e+21
500,10,DE,0.25,780.0,9.521098360681175e+24
500,10,DE,0.5,1530.0,3.716285057160234e+24
500,10,DE,0.75,2280.0,3.716285057160234e+24
500,10,DE,1.0,3030.0,3.716285057160234e+24
500,10,GA,0.25,780.0,1.3757088035189e+24
500,10,GA,0.5,1530.0,1.3757088035189e+24
500,10,GA,0.75,2280.0,1.3757088035189e+24
500,10,GA,1.0,3030.0,1.3757088035189e+24
500,10,GWO,0.25,780.0,3.330898196737953e+24
500,10,GWO,0.5,1530.0,2.066068883711047e+24
500,10,GWO,0.75,2280.0,3.447670914217633e+23
500,10,GWO,1.0,3030.0,5351.832462156235
500,10,LXSSA,0.25,1530.0,4.825212737045746e+24
500,10,LXSSA,0.5,3030.0,7867.881700901933
500,10,LXSSA,0.75,4530.0,6330.319351220984
500,10,LXSSA,1.0,6030.0,6326.223233490469
500,10,PF,0.25,780.0,8.768491542093698e+24
500,10,PF,0.5,1530.0,8.768491542093698e+24
500,10,PF,0.75,2280.0,4.164464711511527e+24
500,10,PF,1.0,3030.0,6804.386224131071
500,10,PSO,0.25,780.0,7.360158236783524e+24
500,10,PSO,0.5,1530.0,3.088305222706576e+24
500,10,PSO,0.75,2280.0,8.654028041684695e+23
500,10,PSO,1.0,3030.0,8.654028041684695e+23
500,10,SSA,0.25,780.0,4.211097849733094e+24
500,10,SSA,0.5,1530.0,1.870970506897457e+23
500,10,SSA,0.75,2280.0,6880.237217401213
500,10,SSA,1.0,3030.0,6877.359897681046
500,2,BBO,0.25,780.0,0.0
500,2,BBO,0.5,1530.0,0.0
500,2,BBO,0.75,2280.0,0.0
500,2,BBO,1.0,3030.0,0.0
500,2,DE,0.25,780.0,0.0
500,2,DE,0.5,1530.0,0.0
500,2,DE,0.75,2280.0,0.0
500,2,DE,1.0,3030.0,0.0
500,2,GA,0.25,780.0,0.0
500,2,GA,0.5,1530.0,0.0
500,2,GA,0.75,2280.0,0.0
500,2,GA,1.0,3030.0,0.0
500,2,GWO,0.25,780.0,0.0
500,2,GWO,0.5,1530.0,0.0
500,2,GWO,0.75,2280.0,0.0
500,2,GWO,1.0,3030.0,0.0
500,2,LXSSA,0.25,1530.0,0.0
500,2,LXSSA,0.5,3030.0,0.0
500,2,LXSSA,0.75,4530.0,0.0
500,2,LXSSA,1.0,6030.0,0.0
500,2,PF,0.25,780.0,0.0
500,2,PF,0.5,1530.0,0.0
500,2,PF,0.75,2280.0,0.0
500,2,PF,1.0,3030.0,0.0
500,2,PSO,0.25,780.0,0.0
500,2,PSO,0.5,1530.0,0.0
500,2,PSO,0.75,2280.0,0.0
500,2,PSO,1.0,3030.0,0.0
500,2,SSA,0.25,780.0,0.0
500,2,SSA,0.5,1530.0,0.0
500,2,SSA,0.75,2280.0,0.0
500,2,SSA,1.0,3030.0,0.0
500,3,BBO,0.25,780.0,22.77374176613012
500,3,BBO,0.5,1530.0,22.70099443436993
500,3,BBO,0.75,2280.0,21.63820950422087
500,3,BBO,1.0,3030.0,21.63820950422087
500,3,DE,0.25,780.0,92.16593183363511
500,3,DE,0.5,1530.0,43.3613128021716
500,3,DE,0.75,2280.0,43.3613128021716
500,3,DE,1.0,3030.0,43.3613128021716
500,3,GA,0.25,780.0,90.68755427956785
500,3,GA,0.5,1530.0,16.71993267252037
500,3,GA,0.75,2280.0,16.71993267252037
500,3,GA,1.0,3030.0,16.71993267252037
500,3,GWO,0.25,780.0,47.46684118050689
500,3,GWO,0.5,1530.0,47.10281787881831
500,3,GWO,0.75,2280.0,46.7675256870607
500,3,GWO,1.0,3030.0,46.29317097641251
500,3,LXSSA,0.25,1530.0,84.72521993154442
500,3,LXSSA,0.5,3030.0,63.22805697206786
500,3,LXSSA,0.75,4530.0,33.95581144014795
500,3,LXSSA,1.0,6030.0,33.93479230842422
500,3,PF,0.25,780.0,96.44731563987807
500,3,PF,0.5,1530.0,21.73204522516244
500,3,PF,0.75,2280.0,21.73204522516244
500,3,PF,1.0,3030.0,21.73204522516244
500,3,PSO,0.25,780.0,47.83104169645594
500,3,PSO,0.5,1530.0,46.09041421758957
500,3,PSO,0.75,2280.0,43.01859735669495
500,3,PSO,1.0,3030.0,26.23118745413012
500,3,SSA,0.25,780.0,82.6980550886401
500,3,SSA,0.5,1530.0,46.37082586547331
500,3,SSA,0.75,2280.0,46.25374939960238
500,3,SSA,1.0,3030.0,46.25161422755991
500,4,BBO,0.25,780.0,309.4497828090352
500,4,BBO,0.5,1530.0,172.7386176121618
500,4,BBO,0.75,2280.0,125.0638608976114
500,4,BBO,1.0,3030.0,84.39127271232064
500,4,DE,0.25,780.0,398.9143321530464
500,4,DE,0.5,1530.0,398.9143321530464
500,4,DE,0.75,2280.0,225.3683494464749
500,4,DE,1.0,3030.0,225.3683494464749
500,4,GA,0.25,780.0,471.7297406918042
500,4,GA,0.5,1530.0,435.579017096632
500,4,GA,0.75,2280.0,435.579017096632
500,4,GA,1.0,3030.0,208.000269788783
500,4,GWO,0.25,780.0,415.7039684353404
500,4,GWO,0.5,1530.0,357.0479349745656
500,4,GWO,0.75,2280.0,222.0247417859318
500,4,GWO,1.0,3030.0,130.7299394897309
500,4,LXSSA,0.25,1530.0,433.8334375261657
500,4,LXSSA,0.5,3030.0,261.2752996475792
500,4,LXSSA,0.75,4530.0,110.4613155360748
500,4,LXSSA,1.0,6030.0,110.2881608783719
500,4,PF,0.25,780.0,547.8489934804311
500,4,PF,0.5,1530.0,438.6297178346977
500,4,PF,0.75,2280.0,316.6453361546264
500,4,PF,1.0,3030.0,95.00570415884067
500,4,PSO,0.25,780.0,444.6325958524867
500,4,PSO,0.5,1530.0,368.8930524478528
500,4,PSO,0.75,2280.0,296.6835874340286
500,4,PSO,1.0,3030.0,121.7309864333329
500,4,SSA,0.25,780.0,432.1422810501936
500,4,SSA,0.5,1530.0,172.8572020524334
500,4,SSA,0.75,2280.0,166.7755854825919
500,4,SSA,1.0,3030.0,166.7203371653377
500,5,BBO,0.25,780.0,829.9956226047507
500,5,BBO,0.5,1530.0,626.1556340882307
500,5,BBO,0.75,2280.0,531.5620724807668
500,5,BBO,1.0,3030.0,515.5711508636887
500,5,DE,0.25,780.0,1810.016864220874
500,5,DE,0.5,1530.0,1339.094665948411
500,5,DE,0.75,2280.0,826.4877781378527
500,5,DE,1.0,3030.0,826.4877781378527
500,5,GA,0.25,780.0,997.092888491672
500,5,GA,0.5,1530.0,626.7689101065771
500,5,GA,0.75,2280.0,626.7689101065771
500,5,GA,1.0,3030.0,626.7689101065771
500,5,GWO,0.25,780.0,1065.417286956545
500,5,GWO,0.5,1530.0,852.7712723717341
500,5,GWO,0.75,2280.0,566.4893144226298
500,5,GWO,1.0,3030.0,458.7130858304663
500,5,LXSSA,0.25,1530.0,1058.755952004023
500,5,LXSSA,0.5,3030.0,545.7822662945255
500,5,LXSSA,0.75,4530.0,459.1676319199905
500,5,LXSSA,1.0,6030.0,458.5354621188235
500,5,PF,0.25,780.0,1167.11774564151
500,5,PF,0.5,1530.0,834.8132057233088
500,5,PF,0.75,2280.0,834.8132057233088
500,5,PF,1.0,3030.0,451.4356498385096
500,5,PSO,0.25,780.0,738.252685571766
500,5,PSO,0.5,1530.0,738.252685571766
500,5,PSO,0.75,2280.0,738.252685571766
500,5,PSO,1.0,3030.0,506.2311042541041
500,5,SSA,0.25,780.0,1538.636035579329
500,5,SSA,0.5,1530.0,574.4761362426798
500,5,SSA,0.75,2280.0,513.584356773019
500,5,SSA,1.0,3030.0,513.2817981427361
500,6,BBO,0.25,780.0,1461.13782017021
500,6,BBO,0.5,1530.0,1220.952670282109
500,6,BBO,0.75,2280.0,1190.618377716608
500,6,BBO,1.0,3030.0,1067.644767157377
500,6,DE,0.25,780.0,7.105785103877765e+21
500,6,DE,0.5,1530.0,2152.79797441035
500,6,DE,0.75,2280.0,1626.711915926215
500,6,DE,1.0,3030.0,1401.890868042879
500,6,GA,0.25,780.0,3474.340146479881
500,6,GA,0.5,1530.0,3474.340146479881
500,6,GA,0.75,2280.0,1502.928964623134
500,6,GA,1.0,3030.0,1502.928964623134
500,6,GWO,0.25,780.0,9.405149159107829e+21
500,6,GWO,0.5,1530.0,1718.462462281503
500,6,GWO,0.75,2280.0,1116.831448537218
500,6,GWO,1.0,3030.0,1094.338993570949
500,6,LXSSA,0.25,1530.0,1882.494499913031
500,6,LXSSA,0.5,3030.0,926.6435801504849
500,6,LXSSA,0.75,4530.0,910.4920138036468
500,6,LXSSA,1.0,6030.0,908.9286709855587
500,6,PF,0.25,780.0,9.954101187952517e+22
500,6,PF,0.5,1530.0,9.954101187952517e+22
500,6,PF,0.75,2280.0,1813.345630954595
500,6,PF,1.0,3030.0,1015.216214292966
500,6,PSO,0.25,780.0,1449.892731152962
500,6,PSO,0.5,1530.0,1336.807761990895
500,6,PSO,0.75,2280.0,1284.721091552921
500,6,PSO,1.0,3030.0,1163.845520331786
500,6,SSA,0.25,780.0,2459.048755117845
500,6,SSA,0.5,1530.0,1579.976702685177
500,6,SSA,0.75,2280.0,1271.512797745439
500,6,SSA,1.0,3030.0,1270.849631491044
500,7,BBO,0.25,780.0,3325.199720945064
500,7,BBO,0.5,1530.0,2005.172624649364
500,7,BBO,0.75,2280.0,1954.21975900398
500,7,BBO,1.0,3030.0,1699.262685593778
500,7,DE,0.25,780.0,1.294018842660243e+24
500,7,DE,0.5,1530.0,5.049876320960932e+23
500,7,DE,0.75,2280.0,1.578348825137628e+21
500,7,DE,1.0,3030.0,1.578348825137628e+21
500,7,GA,0.25,780.0,6.066580665286322e+23
500,7,GA,0.5,1530.0,2.137810568906229e+22
500,7,GA,0.75,2280.0,2.137810568906229e+22
500,7,GA,1.0,3030.0,2853.697018018902
500,7,GWO,0.25,780.0,8.90166777822103e+20
500,7,GWO,0.5,1530.0,3075.1617192087
500,7,GWO,0.75,2280.0,2271.684799056704
500,7,GWO,1.0,3030.0,1823.039657558773
500,7,LXSSA,0.25,1530.0,3.501354632169164e+21
500,7,LXSSA,0.5,3030.0,2219.286157710107
500,7,LXSSA,0.75,4530.0,1765.021888204057
500,7,LXSSA,1.0,6030.0,1763.926768675599
500,7,PF,0.25,780.0,8.332087280793939e+23
500,7,PF,0.5,1530.0,8.332087280793939e+23
500,7,PF,0.75,2280.0,3990.331432178595
500,7,PF,1.0,3030.0,1904.911229726764
500,7,PSO,0.25,780.0,1.885936464284027e+22
500,7,PSO,0.5,1530.0,2890.551488514808
500,7,PSO,0.75,2280.0,2452.963874097673
500,7,PSO,1.0,3030.0,2211.988824426051
500,7,SSA,0.25,780.0,3.671433435506413e+22
500,7,SSA,0.5,1530.0,2140.422312105606
500,7,SSA,0.75,2280.0,1649.216390014612
500,7,SSA,1.0,3030.0,1648.410183222273
500,8,BBO,0.25,780.0,8.29279159116953e+22
500,8,BBO,0.5,1530.0,4519.33753357477
500,8,BBO,0.75,2280.0,3264.942957497136
500,8,BBO,1.0,3030.0,2722.012625420823
500,8,DE,0.25,780.0,4.459051916175962e+24
500,8,DE,0.5,1530.0,1.166514671557024e+24
500,8,DE,0.75,2280.0,1.166514671557024e+24
500,8,DE,1.0,3030.0,5.520388545629358e+22
500,8,GA,0.25,780.0,7.378059496538929e+21
500,8,GA,0.5,1530.0,7.378059496538929e+21
500,8,GA,0.75,2280.0,7.378059496538929e+21
500,8,GA,1.0,3030.0,7.378059496538929e+21
500,8,GWO,0.25,780.0,1.87769528047453e+24
500,8,GWO,0.5,1530.0,4819.738981555267
500,8,GWO,0.75,2280.0,3793.731396417861
500,8,GWO,1.0,3030.0,2748.936118648104
500,8,LXSSA,0.25,1530.0,2.910406669782051e+22
500,8,LXSSA,0.5,3030.0,3216.086331873834
500,8,LXSSA,0.75,4530.0,2879.214725206504
500,8,LXSSA,1.0,6030.0,2872.906532859779
500,8,PF,0.25,780.0,3.75611404640856e+24
500,8,PF,0.5,1530.0,9.101386838838101e+23
500,8,PF,0.75,2280.0,4.848817076672577e+22
500,8,PF,1.0,3030.0,2892.307667299137
500,8,PSO,0.25,780.0,1.632896370456804e+24
500,8,PSO,0.5,1530.0,1.565637148248695e+24
500,8,PSO,0.75,2280.0,1.02205402931086e+23
500,8,PSO,1.0,3030.0,3634.548632382597
500,8,SSA,0.25,780.0,3.118603776493174e+24
500,8,SSA,0.5,1530.0,3821.52124255825
500,8,SSA,0.75,2280.0,3075.771688228961
500,8,SSA,1.0,3030.0,3074.587524395021
500,9,BBO,0.25,780.0,5527.472854224987
500,9,BBO,0.5,1530.0,5396.786663861807
500,9,BBO,0.75,2280.0,4975.01678912947
500,9,BBO,1.0,3030.0,4488.995360724148
500,9,DE,0.25,780.0,3.897586844438794e+24
500,9,DE,0.5,1530.0,3.897586844438794e+24
500,9,DE,0.75,2280.0,3.409043700067954e+24
500,9,DE,1.0,3030.0,1.400780531615167e+24
500,9,GA,0.25,780.0,1.967023451184052e+24
500,9,GA,0.5,1530.0,1.967023451184052e+24
500,9,GA,0.75,2280.0,1.967023451184052e+24
500,9,GA,1.0,3030.0,2.055783552744913e+23
500,9,GWO,0.25,780.0,4.499570554299897e+24
500,9,GWO,0.5,1530.0,1.650576220854163e+23
500,9,GWO,0.75,2280.0,6408659220724591.0
500,9,GWO,1.0,3030.0,3723.54035609815
500,9,LXSSA,0.25,1530.0,4.119355194777677e+24
500,9,LXSSA,0.5,3030.0,4.995770173156933e+22
500,9,LXSSA,0.75,4530.0,4628.390019923689
500,9,LXSSA,1.0,6030.0,4619.214715762377
500,9,PF,0.25,780.0,5.869801580072082e+24
500,9,PF,0.5,1530.0,2.171072496853979e+24
500,9,PF,0.75,2280.0,1.808752321368976e+24
500,9,PF,1.0,3030.0,4482.554964144038
500,9,PSO,0.25,780.0,2.358139669562039e+24
500,9,PSO,0.5,1530.0,4.072959219113155e+22
500,9,PSO,0.75,2280.0,2.870758764915721e+21
500,9,PSO,1.0,3030.0,8.890377262102315e+20
500,9,SSA,0.25,780.0,4.029765872110144e+24
500,9,SSA,0.5,1530.0,5890.616466766391
500,9,SSA,0.75,2280.0,4020.069299057664
500,9,SSA,1.0,3030.0,4018.494576675097
750,10,BBO,0.25,780.0,3533.587048718051
750,10,BBO,0.5,1530.0,3076.145930792671
750,10,BBO,0.75,2280.0,2331.711040764494
750,10,BBO,1.0,3030.0,2279.741056557148
750,10,DE,0.25,780.0,5.104471235157437e+23
750,10,DE,0.5,1530.0,2.231976557361435e+23
750,10,DE,0.75,2280.0,2.231976557361435e+23
750,10,DE,1.0,3030.0,4544.191751808437
750,10,GA,0.25,780.0,2.532891266367817e+23
750,10,GA,0.5,1530.0,2.532891266367817e+23
750,10,GA,0.75,2280.0,3914.943739639624
750,10,GA,1.0,3030.0,3914.943739639624
750,10,GWO,0.25,780.0,8.515583036392715e+23
750,10,GWO,0.5,1530.0,4689.596910404129
750,10,GWO,0.75,2280.0,3458.048562649084
750,10,GWO,1.0,3030.0,2588.547347303582
750,10,LXSSA,0.25,1530.0,7.918972701942073e+23
750,10,LXSSA,0.5,3030.0,3223.168659211908
750,10,LXSSA,0.75,4530.0,3045.018049886305
750,10,LXSSA,1.0,6030.0,3031.556710620061
750,10,PF,0.25,780.0,3.019990602600698e+24
750,10,PF,0.5,1530.0,7.991963692461199e+23
750,10,PF,0.75,2280.0,5110.303379436315
750,10,PF,1.0,3030.0,2897.974133642172
750,10,PSO,0.25,780.0,6.416803473889528e+21
750,10,PSO,0.5,1530.0,4277.334220922028
750,10,PSO,0.75,2280.0,3588.370499361205
750,10,PSO,1.0,3030.0,3466.797005345798
750,10,SSA,0.25,780.0,6.725197578708434e+23
750,10,SSA,0.5,1530.0,3388.07407188545
750,10,SSA,0.75,2280.0,2892.237610645752
750,10,SSA,1.0,3030.0,2890.911843502763
750,11,BBO,0.25,780.0,6104.584679320949
750,11,BBO,0.5,1530.0,3990.34575087855
750,11,BBO,0.75,2280.0,3681.249545849205
750,11,BBO,1.0,3030.0,3402.933474807069
750,11,DE,0.25,780.0,6.636742397477084e+23
750,11,DE,0.5,1530.0,3.045884417220556e+23
750,11,DE,0.75,2280.0,3.045884417220556e+23
750,11,DE,1.0,3030.0,3.045884417220556e+23
750,11,GA,0.25,780.0,1.009711353757164e+24
750,11,GA,0.5,1530.0,1.357508279688193e+23
750,11,GA,0.75,2280.0,1.357508279688193e+23
750,11,GA,1.0,3030.0,7.821015019134672e+20
750,11,GWO,0.25,780.0,7.859897853202103e+23
750,11,GWO,0.5,1530.0,6611.499407127165
750,11,GWO,0.75,2280.0,4439.719181724591
750,11,GWO,1.0,3030.0,3387.121461175149
750,11,LXSSA,0.25,1530.0,8.966973522087668e+23
750,11,LXSSA,0.5,3030.0,4055.890315221957
750,11,LXSSA,0.75,4530.0,3737.467799738253
750,11,LXSSA,1.0,6030.0,3685.276516301223
750,11,PF,0.25,780.0,4.211431073908038e+24
750,11,PF,0.5,1530.0,1.286376519212958e+24
750,11,PF,0.75,2280.0,2.784729931971635e+23
750,11,PF,1.0,3030.0,3930.731661436861
750,11,PSO,0.25,780.0,3.793599297595022e+23
750,11,PSO,0.5,1530.0,2.027565234389714e+23
750,11,PSO,0.75,2280.0,5547.670798094026
750,11,PSO,1.0,3030.0,5547.670798094026
750,11,SSA,0.25,780.0,1.645651416333693e+24
750,11,SSA,0.5,1530.0,4142.481544840484
750,11,SSA,0.75,2280.0,4020.126769268973
750,11,SSA,1.0,3030.0,4018.42480430154
750,12,BBO,0.25,780.0,3.713660637553568e+22
750,12,BBO,0.5,1530.0,6133.202626755301
750,12,BBO,0.75,2280.0,5162.846263532192
750,12,BBO,1.0,3030.0,4390.411020954678
750,12,DE,0.25,780.0,4.669470711614667e+24
750,12,DE,0.5,1530.0,2.912322651895372e+24
750,12,DE,0.75,2280.0,5.808951173634762e+23
750,12,DE,1.0,3030.0,5.808951173634762e+23
750,12,GA,0.25,780.0,3.412871848322778e+23
750,12,GA,0.5,1530.0,7557.499655852545
750,12,GA,0.75,2280.0,7557.499655852545
750,12,GA,1.0,3030.0,7557.499655852545
750,12,GWO,0.25,780.0,4.63241686096178e+24
750,12,GWO,0.5,1530.0,1.397011779381375e+22
750,12,GWO,0.75,2280.0,6741.924410430423
750,12,GWO,1.0,3030.0,5054.230096234154
750,12,LXSSA,0.25,1530.0,1.434751356313703e+24
750,12,LXSSA,0.5,3030.0,5885.935179991502
750,12,LXSSA,0.75,4530.0,5274.388214243576
750,12,LXSSA,1.0,6030.0,5088.452805873458
750,12,PF,0.25,780.0,7.672118150587038e+24
750,12,PF,0.5,1530.0,7.672118150587038e+24
750,12,PF,0.75,2280.0,4.262332044510637e+23
750,12,PF,1.0,3030.0,5255.479730294144
750,12,PSO,0.25,780.0,1.03764015580382e+24
750,12,PSO,0.5,1530.0,1.03764015580382e+24
750,12,PSO,0.75,2280.0,2.733643741741279e+21
750,12,PSO,1.0,3030.0,7040.827234172219
750,12,SSA,0.25,780.0,3.167651420198513e+24
750,12,SSA,0.5,1530.0,6095.203889645345
750,12,SSA,0.75,2280.0,5140.873940587568
750,12,SSA,1.0,3030.0,5139.054824449675
750,13,BBO,0.25,780.0,2.15224436798544e+22
750,13,BBO,0.5,1530.0,6515.539633960623
750,13,BBO,0.75,2280.0,5695.77696287565
750,13,BBO,1.0,3030.0,5565.934627719529
750,13,DE,0.25,780.0,1.392581971307198e+24
750,13,DE,0.5,1530.0,1.392581971307198e+24
750,13,DE,0.75,2280.0,1.392581971307198e+24
750,13,DE,1.0,3030.0,1.173682427431483e+24
750,13,GA,0.25,780.0,4.601388133053081e+23
750,13,GA,0.5,1530.0,4.601388133053081e+23
750,13,GA,0.75,2280.0,4.601388133053081e+23
750,13,GA,1.0,3030.0,4.601388133053081e+23
750,13,GWO,0.25,780.0,8.081419003553594e+24
750,13,GWO,0.5,1530.0,9.604906899647663e+23
750,13,GWO,0.75,2280.0,7486.6927672108
750,13,GWO,1.0,3030.0,6112.94744332791
750,13,LXSSA,0.25,1530.0,4.882401370053516e+23
750,13,LXSSA,0.5,3030.0,7172.666431389269
750,13,LXSSA,0.75,4530.0,6342.448821383252
750,13,LXSSA,1.0,6030.0,6334.846904465143
750,13,PF,0.25,780.0,9.675755414893773e+25
750,13,PF,0.5,1530.0,6.138671803351546e+24
750,13,PF,0.75,2280.0,1.641574673907777e+24
750,13,PF,1.0,3030.0,6989.973119529139
750,13,PSO,0.25,780.0,6.479437249619787e+24
750,13,PSO,0.5,1530.0,7.841853842871254e+23
750,13,PSO,0.75,2280.0,2.848141414490098e+23
750,13,PSO,1.0,3030.0,1.646600591507604e+22
750,13,SSA,0.25,780.0,5.177190188374193e+24
750,13,SSA,0.5,1530.0,8395.995441928899
750,13,SSA,0.75,2280.0,6653.843827983088
750,13,SSA,1.0,3030.0,6651.220883099872
750,14,BBO,0.25,780.0,1.113695067388549e+24
750,14,BBO,0.5,1530.0,1.919360034998111e+21
750,14,BBO,0.75,2280.0,8420.02990805816
750,14,BBO,1.0,3030.0,7570.51665973058
750,14,DE,0.25,780.0,1.270890331290177e+25
750,14,DE,0.5,1530.0,2.389695239938168e+24
750,14,DE,0.75,2280.0,2.389695239938168e+24
750,14,DE,1.0,3030.0,2.389695239938168e+24
750,14,GA,0.25,780.0,4.034247404576015e+24
750,14,GA,0.5,1530.0,3.680830981948156e+24
750,14,GA,0.75,2280.0,9.201514981731495e+23
750,14,GA,1.0,3030.0,9.201514981731495e+23
750,14,GWO,0.25,780.0,9.922635941562536e+24
750,14,GWO,0.5,1530.0,2.315122458583712e+24
750,14,GWO,0.75,2280.0,5.693802271362784e+22
750,14,GWO,1.0,3030.0,7797.06250142229
750,14,LXSSA,0.25,1530.0,5.82479044882965e+24
750,14,LXSSA,0.5,3030.0,2.271131033934929e+22
750,14,LXSSA,0.75,4530.0,7605.103855852518
750,14,LXSSA,1.0,6030.0,7590.295049915716
750,14,PF,0.25,780.0,1.895930320659206e+25
750,14,PF,0.5,1530.0,5.957096916789484e+24
750,14,PF,0.75,2280.0,3.391787830891947e+24
750,14,PF,1.0,3030.0,9050.355097256062
750,14,PSO,0.25,780.0,3.385389158015636e+24
750,14,PSO,0.5,1530.0,2.396043165623953e+24
750,14,PSO,0.75,2280.0,7.938459461441958e+22
750,14,PSO,1.0,3030.0,1.458028862437017e+22
750,14,SSA,0.25,780.0,6.984492639882113e+24
750,14,SSA,0.5,1530.0,2.805199737826644e+22
750,14,SSA,0.75,2280.0,8899.697310239499
750,14,SSA,1.0,3030.0,8896.20499751986
750,2,BBO,0.25,780.0,0.0
750,2,BBO,0.5,1530.0,0.0
750,2,BBO,0.75,2280.0,0.0
750,2,BBO,1.0,3030.0,0.0
750,2,DE,0.25,780.0,0.0
750,2,DE,0.5,1530.0,0.0
750,2,DE,0.75,2280.0,0.0
750,2,DE,1.0,3030.0,0.0
750,2,GA,0.25,780.0,0.0
750,2,GA,0.5,1530.0,0.0
750,2,GA,0.75,2280.0,0.0
750,2,GA,1.0,3030.0,0.0
750,2,GWO,0.25,780.0,0.0
750,2,GWO,0.5,1530.0,0.0
750,2,GWO,0.75,2280.0,0.0
750,2,GWO,1.0,3030.0,0.0
750,2,LXSSA,0.25,1530.0,0.0
750,2,LXSSA,0.5,3030.0,0.0
750,2,LXSSA,0.75,4530.0,0.0
750,2,LXSSA,1.0,6030.0,0.0
750,2,PF,0.25,780.0,0.0
750,2,PF,0.5,1530.0,0.0
750,2,PF,0.75,2280.0,0.0
750,2,PF,1.0,3030.0,0.0
750,2,PSO,0.25,780.0,0.0
750,2,PSO,0.5,1530.0,0.0
750,2,PSO,0.75,2280.0,0.0
750,2,PSO,1.0,3030.0,0.0
750,2,SSA,0.25,780.0,0.0
750,2,SSA,0.5,1530.0,0.0
750,2,SSA,0.75,2280.0,0.0
750,2,SSA,1.0,3030.0,0.0
750,3,BBO,0.25,780.0,0.0
750,3,BBO,0.5,1530.0,0.0
750,3,BBO,0.75,2280.0,0.0
750,3,BBO,1.0,3030.0,0.0
750,3,DE,0.25,780.0,0.0
750,3,DE,0.5,1530.0,0.0
750,3,DE,0.75,2280.0,0.0
750,3,DE,1.0,3030.0,0.0
750,3,GA,0.25,780.0,11.35575759525454
750,3,GA,0.5,1530.0,0.0
750,3,GA,0.75,2280.0,0.0
750,3,GA,1.0,3030.0,0.0
750,3,GWO,0.25,780.0,31.94769961868587
750,3,GWO,0.5,1530.0,31.94769961868587
750,3,GWO,0.75,2280.0,0.0
750,3,GWO,1.0,3030.0,0.0
750,3,LXSSA,0.25,1530.0,16.53921295156033
750,3,LXSSA,0.5,3030.0,0.0
750,3,LXSSA,0.75,4530.0,0.0
750,3,LXSSA,1.0,6030.0,0.0
750,3,PF,0.25,780.0,36.14081011956659
750,3,PF,0.5,1530.0,33.44863305914259
750,3,PF,0.75,2280.0,23.97225986888952
750,3,PF,1.0,3030.0,0.0
750,3,PSO,0.25,780.0,18.65466644407934
750,3,PSO,0.5,1530.0,0.0
750,3,PSO,0.75,2280.0,0.0
750,3,PSO,1.0,3030.0,0.0
750,3,SSA,0.25,780.0,19.07247293386899
750,3,SSA,0.5,1530.0,0.0
750,3,SSA,0.75,2280.0,0.0
750,3,SSA,1.0,3030.0,0.0
750,4,BBO,0.25,780.0,39.79101697745864
750,4,BBO,0.5,1530.0,0.0
750,4,BBO,0.75,2280.0,0.0
750,4,BBO,1.0,3030.0,0.0
750,4,DE,0.25,780.0,181.4807506907782
750,4,DE,0.5,1530.0,173.9451443259277
750,4,DE,0.75,2280.0,128.5012418150582
750,4,DE,1.0,3030.0,53.72393621140873
750,4,GA,0.25,780.0,41.19416858910336
750,4,GA,0.5,1530.0,41.19416858910336
750,4,GA,0.75,2280.0,41.19416858910336
750,4,GA,1.0,3030.0,41.19416858910336
750,4,GWO,0.25,780.0,109.4543331983477
750,4,GWO,0.5,1530.0,109.4543331983477
750,4,GWO,0.75,2280.0,20.98594914227942
750,4,GWO,1.0,3030.0,0.0
750,4,LXSSA,0.25,1530.0,159.4120117140083
750,4,LXSSA,0.5,3030.0,31.02714950494192
750,4,LXSSA,0.75,4530.0,28.55525386962108
750,4,LXSSA,1.0,6030.0,28.52315586753321
750,4,PF,0.25,780.0,198.689723422267
750,4,PF,0.5,1530.0,194.1872203020284
750,4,PF,0.75,2280.0,124.9560084082368
750,4,PF,1.0,3030.0,0.0
750,4,PSO,0.25,780.0,45.59278506787814
750,4,PSO,0.5,1530.0,45.59278506787814
750,4,PSO,0.75,2280.0,45.50366017092529
750,4,PSO,1.0,3030.0,27.40928518253713
750,4,SSA,0.25,780.0,149.8764883198128
750,4,SSA,0.5,1530.0,24.82696091454272
750,4,SSA,0.75,2280.0,13.27855593745699
750,4,SSA,1.0,3030.0,13.26452999351386
750,5,BBO,0.25,780.0,261.2544176582378
750,5,BBO,0.5,1530.0,241.345745187944
750,5,BBO,0.75,2280.0,79.63933547330089
750,5,BBO,1.0,3030.0,79.61628464176465
750,5,DE,0.25,780.0,515.9989499771254
750,5,DE,0.5,1530.0,515.9989499771254
750,5,DE,0.75,2280.0,327.0008374902609
750,5,DE,1.0,3030.0,274.4250680285259
750,5,GA,0.25,780.0,197.3589882926317
750,5,GA,0.5,1530.0,197.3589882926317
750,5,GA,0.75,2280.0,197.3589882926317
750,5,GA,1.0,3030.0,197.3589882926317
750,5,GWO,0.25,780.0,551.9466290052587
750,5,GWO,0.5,1530.0,374.2815434579825
750,5,GWO,0.75,2280.0,221.8773312078629
750,5,GWO,1.0,3030.0,83.0695795605352
750,5,LXSSA,0.25,1530.0,415.7249296370937
750,5,LXSSA,0.5,3030.0,389.4029291198458
750,5,LXSSA,0.75,4530.0,74.72668791421165
750,5,LXSSA,1.0,6030.0,74.64345412798139
750,5,PF,0.25,780.0,676.8195583284978
750,5,PF,0.5,1530.0,610.2492934931142
750,5,PF,0.75,2280.0,285.3260791674911
750,5,PF,1.0,3030.0,122.4672135838991
750,5,PSO,0.25,780.0,485.3283482607367
750,5,PSO,0.5,1530.0,348.6225870742419
750,5,PSO,0.75,2280.0,242.4630327370251
750,5,PSO,1.0,3030.0,112.0178479786628
750,5,SSA,0.25,780.0,742.6159721576405
750,5,SSA,0.5,1530.0,136.0796396009828
750,5,SSA,0.75,2280.0,68.92620131064177
750,5,SSA,1.0,3030.0,68.83721102830896
750,6,BBO,0.25,780.0,676.966485009405
750,6,BBO,0.5,1530.0,438.5876073229301
750,6,BBO,0.75,2280.0,438.4019966357737
750,6,BBO,1.0,3030.0,377.8798992675802
750,6,DE,0.25,780.0,1331.094245134249
750,6,DE,0.5,1530.0,479.8263826701077
750,6,DE,0.75,2280.0,479.8263826701077
750,6,DE,1.0,3030.0,479.8263826701077
750,6,GA,0.25,780.0,1082.978854883921
750,6,GA,0.5,1530.0,591.1856234938969
750,6,GA,0.75,2280.0,591.1856234938969
750,6,GA,1.0,3030.0,591.1856234938969
750,6,GWO,0.25,780.0,967.9467623806922
750,6,GWO,0.5,1530.0,746.1134160793154
750,6,GWO,0.75,2280.0,746.1134160793154
750,6,GWO,1.0,3030.0,333.1927877674971
750,6,LXSSA,0.25,1530.0,830.8039368800892
750,6,LXSSA,0.5,3030.0,432.7658558414842
750,6,LXSSA,0.75,4530.0,340.1394643011663
750,6,LXSSA,1.0,6030.0,335.6211508032648
750,6,PF,0.25,780.0,1084.266192335228
750,6,PF,0.5,1530.0,1084.266192335228
750,6,PF,0.75,2280.0,792.8647794841308
750,6,PF,1.0,3030.0,221.9030874874807
750,6,PSO,0.25,780.0,834.911447833576
750,6,PSO,0.5,1530.0,577.335553432742
750,6,PSO,0.75,2280.0,431.2094429126882
750,6,PSO,1.0,3030.0,295.0814021079059
750,6,SSA,0.25,780.0,862.5116373530618
750,6,SSA,0.5,1530.0,608.34607020986
750,6,SSA,0.75,2280.0,232.1774334961665
750,6,SSA,1.0,3030.0,232.0640345781503
750,7,BBO,0.25,780.0,1219.858281557135
750,7,BBO,0.5,1530.0,847.1278980401985
750,7,BBO,0.75,2280.0,550.3675852659071
750,7,BBO,1.0,3030.0,547.9363782971996
750,7,DE,0.25,780.0,1945.43886793968
750,7,DE,0.5,1530.0,1945.43886793968
750,7,DE,0.75,2280.0,1649.329786659502
750,7,DE,1.0,3030.0,1290.707823098943
750,7,GA,0.25,780.0,1562.111298516458
750,7,GA,0.5,1530.0,1562.111298516458
750,7,GA,0.75,2280.0,1482.913305258095
750,7,GA,1.0,3030.0,1248.894005564645
750,7,GWO,0.25,780.0,2356.14017208213
750,7,GWO,0.5,1530.0,1510.601137064361
750,7,GWO,0.75,2280.0,1098.988851632508
750,7,GWO,1.0,3030.0,773.0038911606898
750,7,LXSSA,0.25,1530.0,1959.319742073225
750,7,LXSSA,0.5,3030.0,706.4083297310935
750,7,LXSSA,0.75,4530.0,699.5689141846597
750,7,LXSSA,1.0,6030.0,695.4204726616081
750,7,PF,0.25,780.0,1881.222201536395
750,7,PF,0.5,1530.0,1828.123127308303
750,7,PF,0.75,2280.0,1435.788875401202
750,7,PF,1.0,3030.0,648.247715649115
750,7,PSO,0.25,780.0,1901.507445124931
750,7,PSO,0.5,1530.0,1399.976614248182
750,7,PSO,0.75,2280.0,831.361254865813
750,7,PSO,1.0,3030.0,548.2884771130703
750,7,SSA,0.25,780.0,2127.831651355729
750,7,SSA,0.5,1530.0,1087.491777382042
750,7,SSA,0.75,2280.0,820.2338735817393
750,7,SSA,1.0,3030.0,819.807299375585
750,8,BBO,0.25,780.0,2204.80327103236
750,8,BBO,0.5,1530.0,1574.16014462179
750,8,BBO,0.75,2280.0,1286.10049543035
750,8,BBO,1.0,3030.0,816.4859303573467
750,8,DE,0.25,780.0,8.530281843137156e+21
750,8,DE,0.5,1530.0,2263.067997810816
750,8,DE,0.75,2280.0,2263.067997810816
750,8,DE,1.0,3030.0,2263.067997810816
750,8,GA,0.25,780.0,3214.359848286687
750,8,GA,0.5,1530.0,2401.463517197233
750,8,GA,0.75,2280.0,2401.463517197233
750,8,GA,1.0,3030.0,1818.182780774943
750,8,GWO,0.25,780.0,2178.547658671276
750,8,GWO,0.5,1530.0,2148.330704890075
750,8,GWO,0.75,2280.0,1826.771915165824
750,8,GWO,1.0,3030.0,1113.372901547664
750,8,LXSSA,0.25,1530.0,1656.508392467433
750,8,LXSSA,0.5,3030.0,1381.539801837549
750,8,LXSSA,0.75,4530.0,1192.612884012771
750,8,LXSSA,1.0,6030.0,1191.068851408672
750,8,PF,0.25,780.0,4.050941993285544e+23
750,8,PF,0.5,1530.0,6.734394734755232e+22
750,8,PF,0.75,2280.0,2646.435011054527
750,8,PF,1.0,3030.0,1360.90786611208
750,8,PSO,0.25,780.0,1896.121700769239
750,8,PSO,0.5,1530.0,1703.29944511647
750,8,PSO,0.75,2280.0,1580.003044640711
750,8,PSO,1.0,3030.0,1542.274132573577
750,8,SSA,0.25,780.0,3577.277516118374
750,8,SSA,0.5,1530.0,1331.75608999774
750,8,SSA,0.75,2280.0,1060.078258772905
750,8,SSA,1.0,3030.0,1059.590511253162
750,9,BBO,0.25,780.0,3111.843286029434
750,9,BBO,0.5,1530.0,2368.795257912192
750,9,BBO,0.75,2280.0,1982.40005849921
750,9,BBO,1.0,3030.0,1684.491378083607
750,9,DE,0.25,780.0,1.749856710713909e+23
750,9,DE,0.5,1530.0,1.3836882938768e+23
750,9,DE,0.75,2280.0,2940.516024356657
750,9,DE,1.0,3030.0,2940.516024356657
750,9,GA,0.25,780.0,3849.346923770194
750,9,GA,0.5,1530.0,2964.36495800269
750,9,GA,0.75,2280.0,2964.36495800269
750,9,GA,1.0,3030.0,2964.36495800269
750,9,GWO,0.25,780.0,2.385757402526407e+22
750,9,GWO,0.5,1530.0,2898.318865945133
750,9,GWO,0.75,2280.0,2665.486241980529
750,9,GWO,1.0,3030.0,2025.876972685168
750,9,LXSSA,0.25,1530.0,4445.200409618585
750,9,LXSSA,0.5,3030.0,2257.376519566038
750,9,LXSSA,0.75,4530.0,1985.037033189321
750,9,LXSSA,1.0,6030.0,1980.817211696049
750,9,PF,0.25,780.0,3.31975527246023e+23
750,9,PF,0.5,1530.0,5.776292595893309e+22
750,9,PF,0.75,2280.0,3870.304742310451
750,9,PF,1.0,3030.0,1846.146520554721
750,9,PSO,0.25,780.0,1.863089107730692e+23
750,9,PSO,0.5,1530.0,3621.131951722884
750,9,PSO,0.75,2280.0,2831.617967427112
750,9,PSO,1.0,3030.0,2556.046125306581
750,9,SSA,0.25,780.0,6.314683294148054e+23
750,9,SSA,0.5,1530.0,2292.129577958316
750,9,SSA,0.75,2280.0,2222.870050902668
750,9,SSA,1.0,3030.0,2221.842154359474
1000,10,GNNLXSSA,0.25,724.0,2252.987744599901
1000,10,GNNLXSSA,0.5,1035.0,1328.9784166416648
1000,10,GNNLXSSA,0.75,1548.0,1217.4284162743133
1000,10,GNNLXSSA,1.0,2062.0,1188.0153278681973
1000,11,GNNLXSSA,0.25,788.0,2308.1760364276997
1000,11,GNNLXSSA,0.5,1069.0,1865.8846467411204
1000,11,GNNLXSSA,0.75,1601.0,1746.8848486052448
1000,11,GNNLXSSA,1.0,2132.0,1745.0684809900558
1000,12,GNNLXSSA,0.25,851.0,3845.4854470047576
1000,12,GNNLXSSA,0.5,1096.0,3326.2386100938747
1000,12,GNNLXSSA,0.75,1648.0,2405.2001697008236
1000,12,GNNLXSSA,1.0,2190.0,2361.140639954465
1000,13,GNNLXSSA,0.25,916.0,4304.113856670563
1000,13,GNNLXSSA,0.5,1132.0,3262.684364094748
1000,13,GNNLXSSA,0.75,1697.0,3147.967432728765
1000,13,GNNLXSSA,1.0,2258.0,3146.13795856254
1000,14,GNNLXSSA,0.25,980.0,5138.475763546201
1000,14,GNNLXSSA,0.5,1174.0,4546.004334447469
1000,14,GNNLXSSA,0.75,1758.0,3785.8734047161415
1000,14,GNNLXSSA,1.0,2332.0,3782.6347338348423
1000,15,GNNLXSSA,0.25,1044.0,6566.349689678624
1000,15,GNNLXSSA,0.5,1208.0,5028.787756254067
1000,15,GNNLXSSA,0.75,1809.0,4684.419397735153
1000,15,GNNLXSSA,1.0,2395.0,4570.590869201827
1000,16,GNNLXSSA,0.25,1108.0,7133.459096577615
1000,16,GNNLXSSA,0.5,1229.0,6305.420667424885
1000,16,GNNLXSSA,0.75,1840.0,5090.047565825153
1000,16,GNNLXSSA,1.0,2446.0,4750.949119130324
1000,17,GNNLXSSA,0.25,1172.0,8865.99145439711
1000,17,GNNLXSSA,0.5,1266.0,7323.572039277569
1000,17,GNNLXSSA,0.75,1888.0,6793.446269311637
1000,17,GNNLXSSA,1.0,2507.0,6647.162283115045
1000,18,GNNLXSSA,0.25,1236.0,10008.841201887713
1000,18,GNNLXSSA,0.5,1306.0,8098.094616135015
1000,18,GNNLXSSA,0.75,1950.0,7877.429585915583
1000,18,GNNLXSSA,1.0,2585.0,7653.070241476948
1000,2,GNNLXSSA,0.25,402.0,-3.637978807091713e-12
1000,2,GNNLXSSA,0.5,786.0,-3.637978807091713e-12
1000,2,GNNLXSSA,0.75,1169.0,-3.637978807091713e-12
1000,2,GNNLXSSA,1.0,1556.0,-3.637978807091713e-12
1000,3,GNNLXSSA,0.25,411.0,-7.275957614183426e-12
1000,3,GNNLXSSA,0.5,810.0,-7.275957614183426e-12
1000,3,GNNLXSSA,0.75,1213.0,-7.275957614183426e-12
1000,3,GNNLXSSA,1.0,1617.0,-7.275957614183426e-12
1000,4,GNNLXSSA,0.25,434.0,11.948181191244657
1000,4,GNNLXSSA,0.5,856.0,9.932742738699744
1000,4,GNNLXSSA,0.75,1265.0,-7.275957614183426e-12
1000,4,GNNLXSSA,1.0,1686.0,-7.275957614183426e-12
1000,5,GNNLXSSA,0.25,446.0,131.28741704123968
1000,5,GNNLXSSA,0.5,882.0,-7.275957614183426e-12
1000,5,GNNLXSSA,0.75,1319.0,-7.275957614183426e-12
1000,5,GNNLXSSA,1.0,1756.0,-7.275957614183426e-12
1000,6,GNNLXSSA,0.25,468.0,415.8095881279369
1000,6,GNNLXSSA,0.5,915.0,95.91573426306422
1000,6,GNNLXSSA,0.75,1362.0,94.91977035480522
1000,6,GNNLXSSA,1.0,1815.0,94.55236784832232
1000,7,GNNLXSSA,0.25,531.0,714.3001609859275
1000,7,GNNLXSSA,0.5,942.0,158.40889175597113
1000,7,GNNLXSSA,0.75,1419.0,157.7451115430522
1000,7,GNNLXSSA,1.0,1879.0,157.61172450151207
1000,8,GNNLXSSA,0.25,594.0,1267.4935583581464
1000,8,GNNLXSSA,0.5,974.0,649.9772095054068
1000,8,GNNLXSSA,0.75,1465.0,388.49775088759634
1000,8,GNNLXSSA,1.0,1939.0,387.53099902236863
1000,9,GNNLXSSA,0.25,659.0,1538.4797988673818
1000,9,GNNLXSSA,0.5,1015.0,796.2975655627379
1000,9,GNNLXSSA,0.75,1521.0,685.0750229667756
1000,9,GNNLXSSA,1.0,2011.0,642.3635611163409
500,10,GNNLXSSA,0.25,724.0,4763.298084196969
500,10,GNNLXSSA,0.5,1048.0,4763.298084196969
500,10,GNNLXSSA,0.75,1564.0,4732.661803390991
500,10,GNNLXSSA,1.0,2073.0,4724.512898502973
500,2,GNNLXSSA,0.25,402.0,11.192839118939446
500,2,GNNLXSSA,0.5,785.0,-3.637978807091713e-12
500,2,GNNLXSSA,0.75,1177.0,-3.637978807091713e-12
500,2,GNNLXSSA,1.0,1556.0,-3.637978807091713e-12
500,3,GNNLXSSA,0.25,411.0,78.37860557964814
500,3,GNNLXSSA,0.5,818.0,13.181246347965498
500,3,GNNLXSSA,0.75,1227.0,13.072349404057604
500,3,GNNLXSSA,1.0,1626.0,13.066535403406306
500,4,GNNLXSSA,0.25,434.0,40.978705978955986
500,4,GNNLXSSA,0.5,852.0,39.6313177927841
500,4,GNNLXSSA,0.75,1262.0,39.24053759245362
500,4,GNNLXSSA,1.0,1681.0,39.18679755964331
500,5,GNNLXSSA,0.25,446.0,585.8391922161682
500,5,GNNLXSSA,0.5,881.0,351.02666861741454
500,5,GNNLXSSA,0.75,1317.0,286.65298978218925
500,5,GNNLXSSA,1.0,1753.0,286.11767207177036
500,6,GNNLXSSA,0.25,468.0,1314.8633474596136
500,6,GNNLXSSA,0.5,921.0,1070.4158147810886
500,6,GNNLXSSA,0.75,1376.0,841.3131098981539
500,6,GNNLXSSA,1.0,1826.0,841.3057221370473
500,7,GNNLXSSA,0.25,532.0,2763.6796068901094
500,7,GNNLXSSA,0.5,955.0,1911.0530264616173
500,7,GNNLXSSA,0.75,1415.0,1853.6524450244688
500,7,GNNLXSSA,1.0,1883.0,1671.7174147692713
500,8,GNNLXSSA,0.25,595.0,3155.8845938730883
500,8,GNNLXSSA,0.5,969.0,2614.6131263985226
500,8,GNNLXSSA,0.75,1460.0,2476.073007504099
500,8,GNNLXSSA,1.0,1935.0,2474.867552826603
500,9,GNNLXSSA,0.25,660.0,3782.735857279142
500,9,GNNLXSSA,0.5,1011.0,3782.735857279142
500,9,GNNLXSSA,0.75,1497.0,3775.44545959861
500,9,GNNLXSSA,1.0,1995.0,3770.505243976688
750,10,GNNLXSSA,0.25,724.0,3493.9469682659255
750,10,GNNLXSSA,0.5,1047.0,2442.904092419042
750,10,GNNLXSSA,0.75,1567.0,2243.6311086659844
750,10,GNNLXSSA,1.0,2073.0,2206.5425694627775
750,11,GNNLXSSA,0.25,787.0,4908.018876328701
750,11,GNNLXSSA,0.5,1072.0,3906.2916420241672
750,11,GNNLXSSA,0.75,1602.0,3184.695645123691
750,11,GNNLXSSA,1.0,2133.0,3182.052822755868
750,12,GNNLXSSA,0.25,851.0,5204.791432232843
750,12,GNNLXSSA,0.5,1112.0,3908.1932473848574
750,12,GNNLXSSA,0.75,1658.0,3760.8510909376782
750,12,GNNLXSSA,1.0,2205.0,3741.865944266625
750,13,GNNLXSSA,0.25,916.0,6347.90451704798
750,13,GNNLXSSA,0.5,1134.0,5333.384391541869
750,13,GNNLXSSA,0.75,1709.0,5095.994539117877
750,13,GNNLXSSA,1.0,2267.0,4976.911087353961
750,14,GNNLXSSA,0.25,980.0,8419.602163502059
750,14,GNNLXSSA,0.5,1172.0,8224.391226257823
750,14,GNNLXSSA,0.75,1753.0,6693.20282839518
750,14,GNNLXSSA,1.0,2327.0,6449.068840633161
750,2,GNNLXSSA,0.25,399.0,-3.637978807091713e-12
750,2,GNNLXSSA,0.5,779.0,-3.637978807091713e-12
750,2,GNNLXSSA,0.75,1170.0,-3.637978807091713e-12
750,2,GNNLXSSA,1.0,1551.0,-3.637978807091713e-12
750,3,GNNLXSSA,0.25,411.0,20.071672950649372
750,3,GNNLXSSA,0.5,820.0,-7.275957614183426e-12
750,3,GNNLXSSA,0.75,1229.0,-7.275957614183426e-12
750,3,GNNLXSSA,1.0,1631.0,-7.275957614183426e-12
750,4,GNNLXSSA,0.25,434.0,40.865980317532376
750,4,GNNLXSSA,0.5,854.0,40.45111255624943
750,4,GNNLXSSA,0.75,1281.0,-7.275957614183426e-12
750,4,GNNLXSSA,1.0,1692.0,-7.275957614183426e-12
750,5,GNNLXSSA,0.25,445.0,296.4063486500236
750,5,GNNLXSSA,0.5,876.0,83.85291765424336
750,5,GNNLXSSA,0.75,1314.0,17.8953355867925
750,5,GNNLXSSA,1.0,1750.0,17.777076459562522
750,6,GNNLXSSA,0.25,467.0,603.8950115401822
750,6,GNNLXSSA,0.5,916.0,291.06942700488435
750,6,GNNLXSSA,0.75,1364.0,203.27434996642114
750,6,GNNLXSSA,1.0,1816.0,202.46908171635732
750,7,GNNLXSSA,0.25,530.0,1196.4119036764314
750,7,GNNLXSSA,0.5,938.0,437.68929820659105
750,7,GNNLXSSA,0.75,1413.0,264.75054929349426
750,7,GNNLXSSA,1.0,1872.0,263.6554460932748
750,8,GNNLXSSA,0.25,596.0,1242.0117899901816
750,8,GNNLXSSA,0.5,977.0,1091.591369239919
750,8,GNNLXSSA,0.75,1462.0,838.2853690672928
750,8,GNNLXSSA,1.0,1938.0,837.8189536565551
750,9,GNNLXSSA,0.25,659.0,2459.931879814969
750,9,GNNLXSSA,0.5,1019.0,1561.6258277284796
750,9,GNNLXSSA,0.75,1521.0,1253.6129204014796
750,9,GNNLXSSA,1.0,2011.0,1253.3019538580338
