Dataset,Radius,Turbines,Algorithm,Seed,Objective,WakeLoss,EnergyProduction,Feasible,Evaluations,GroupSeconds
1,500,10,LXSSA,1,5514.67578,5514.67578,134942.69822,1,6030,30.479
1,500,10,LXSSA,2,5.170706058776278e+21,,132233.007296,0,6030,30.479
1,500,10,LXSSA,3,5.396656727140591e+20,,128634.061945,0,6030,30.479
1,500,10,LXSSA,4,5.420837587527313e+23,,129515.899647,0,6030,30.479
1,500,10,LXSSA,5,1.1181386136022659e+22,,131469.290501,0,6030,30.479
1,500,10,LXSSA,6,4.222045071565032e+22,,132568.107784,0,6030,30.479
1,500,10,LXSSA,7,7950.793288,7950.793288,132506.580712,1,6030,30.479
1,500,10,LXSSA,8,7489.356382,7489.356382,132968.017618,1,6030,30.479
1,500,10,LXSSA,9,6.758615753584908e+19,,131884.721247,0,6030,30.479
1,500,10,LXSSA,10,9689.958051,9689.958051,130767.415949,1,6030,30.479
1,500,10,LXSSA,11,3.112845662508288e+23,,127599.422075,0,6030,30.479
1,500,10,LXSSA,12,2.066372011266189e+23,,131267.776289,0,6030,30.479
1,500,10,LXSSA,13,5.33413437641583e+21,,130361.867278,0,6030,30.479
1,500,10,LXSSA,14,1.94580649404706e+23,,130538.779733,0,6030,30.479
1,500,10,LXSSA,15,9.518953345602183e+23,,128402.152336,0,6030,30.479
1,500,10,LXSSA,16,10456.433297,10456.433297,130000.940703,1,6030,30.479
1,500,10,LXSSA,17,2.614051089449246e+22,,131561.530506,0,6030,30.479
1,500,10,LXSSA,18,2.189839867731333e+23,,131378.786219,0,6030,30.479
1,500,10,LXSSA,19,6.211612277953708e+23,,127534.672287,0,6030,30.479
1,500,10,LXSSA,20,6.047807286898372e+21,,122943.086365,0,6030,30.479
1,500,10,LXSSA,21,4.423979381408438e+23,,130305.192639,0,6030,30.479
1,500,10,LXSSA,22,1.660203065900073e+23,,129297.083932,0,6030,30.479
1,500,10,LXSSA,23,1.0414849541204655e+21,,132071.970006,0,6030,30.479
1,500,10,LXSSA,24,6.090789938400618e+20,,128950.757832,0,6030,30.479
1,500,10,LXSSA,25,5.0505960113674015e+23,,131229.848976,0,6030,30.479
1,500,10,LXSSA,26,6.732692760743141e+22,,131818.315919,0,6030,30.479
1,500,10,LXSSA,27,5.439089763645773e+23,,128812.498051,0,6030,30.479
1,500,10,LXSSA,28,9.856937902369503e+22,,131333.427033,0,6030,30.479
1,500,10,LXSSA,29,9549.080054,9549.080054,130908.293946,1,6030,30.479
1,500,10,LXSSA,30,9.324598769595187e+22,,134808.025701,0,6030,30.479
1,750,14,LXSSA,1,11574.410498,11574.410498,185065.913102,1,6030,64.491
1,750,14,LXSSA,2,5.630853552997109e+22,,182189.514404,0,6030,64.491
1,750,14,LXSSA,3,8183.313638,8183.313638,188457.009962,1,6030,64.491
1,750,14,LXSSA,4,9799.458181,9799.458181,186840.865419,1,6030,64.491
1,750,14,LXSSA,5,9.565223490250276e+20,,185104.584331,0,6030,64.491
1,750,14,LXSSA,6,9770.320996,9770.320996,186870.002604,1,6030,64.491
1,750,14,LXSSA,7,9317.852211,9317.852211,187322.471389,1,6030,64.491
1,750,14,LXSSA,8,7371.553166,7371.553166,189268.770434,1,6030,64.491
1,750,14,LXSSA,9,12177.922796,12177.922796,184462.400804,1,6030,64.491
1,750,14,LXSSA,10,14593.707231,14593.707231,182046.616369,1,6030,64.491
1,750,14,LXSSA,11,8501.386231,8501.386231,188138.937369,1,6030,64.491
1,750,14,LXSSA,12,8763.408236,8763.408236,187876.915364,1,6030,64.491
1,750,14,LXSSA,13,9566.612244,9566.612244,187073.711356,1,6030,64.491
1,750,14,LXSSA,14,12996.056324,12996.056324,183644.267276,1,6030,64.491
1,750,14,LXSSA,15,8994.355833,8994.355833,187645.967767,1,6030,64.491
1,750,14,LXSSA,16,15254.825356,15254.825356,181385.498244,1,6030,64.491
1,750,14,LXSSA,17,15806.605628,15806.605628,180833.717972,1,6030,64.491
1,750,14,LXSSA,18,10192.953318,10192.953318,186447.370282,1,6030,64.491
1,750,14,LXSSA,19,7205.090111,7205.090111,189435.233489,1,6030,64.491
1,750,14,LXSSA,20,9655.625525,9655.625525,186984.698075,1,6030,64.491
1,750,14,LXSSA,21,9.578355601182179e+22,,185280.403692,0,6030,64.491
1,750,14,LXSSA,22,1.9809184160436216e+23,,182469.992279,0,6030,64.491
1,750,14,LXSSA,23,9583.265608,9583.265608,187057.057992,1,6030,64.491
1,750,14,LXSSA,24,12028.928382,12028.928382,184611.395218,1,6030,64.491
1,750,14,LXSSA,25,9.324005009946908e+21,,183446.239267,0,6030,64.491
1,750,14,LXSSA,26,18709.58767,18709.58767,177930.73593,1,6030,64.491
1,750,14,LXSSA,27,4.474530147920311e+21,,178605.838703,0,6030,64.491
1,750,14,LXSSA,28,7838.427617,7838.427617,188801.895983,1,6030,64.491
1,750,14,LXSSA,29,5.170077551566666e+23,,181323.61022,0,6030,64.491
1,750,14,LXSSA,30,9147.657205,9147.657205,187492.666395,1,6030,64.491
1,1000,18,LXSSA,1,15648.615244,15648.615244,237174.657956,1,6030,94.941
1,1000,18,LXSSA,2,10474.695307,10474.695307,242348.577893,1,6030,94.941
1,1000,18,LXSSA,3,12966.540437,12966.540437,239856.732763,1,6030,94.941
1,1000,18,LXSSA,4,19330.836593,19330.836593,233492.436607,1,6030,94.941
1,1000,18,LXSSA,5,12913.836606,12913.836606,239909.436594,1,6030,94.941
1,1000,18,LXSSA,6,9.368948333678208e+22,,239585.758961,0,6030,94.941
1,1000,18,LXSSA,7,9930.070933,9930.070933,242893.202267,1,6030,94.941
1,1000,18,LXSSA,8,10000.268224,10000.268224,242823.004976,1,6030,94.941
1,1000,18,LXSSA,9,2.174689097374108e+23,,231366.106874,0,6030,94.941
1,1000,18,LXSSA,10,13062.815159,13062.815159,239760.458041,1,6030,94.941
1,1000,18,LXSSA,11,9.192309795846076e+20,,237660.241941,0,6030,94.941
1,1000,18,LXSSA,12,14528.548715,14528.548715,238294.724485,1,6030,94.941
1,1000,18,LXSSA,13,16740.655751,16740.655751,236082.617449,1,6030,94.941
1,1000,18,LXSSA,14,13549.758719,13549.758719,239273.514481,1,6030,94.941
1,1000,18,LXSSA,15,15493.529038,15493.529038,237329.744162,1,6030,94.941
1,1000,18,LXSSA,16,17713.730924,17713.730924,235109.542276,1,6030,94.941
1,1000,18,LXSSA,17,1.8405496071294566e+17,,237888.848213,0,6030,94.941
1,1000,18,LXSSA,18,16432.14263,16432.14263,236391.13057,1,6030,94.941
1,1000,18,LXSSA,19,7992.430781,7992.430781,244830.842419,1,6030,94.941
1,1000,18,LXSSA,20,9774.633822,9774.633822,243048.639378,1,6030,94.941
1,1000,18,LXSSA,21,13910.364524,13910.364524,238912.908676,1,6030,94.941
1,1000,18,LXSSA,22,12562.854056,12562.854056,240260.419144,1,6030,94.941
1,1000,18,LXSSA,23,11761.715609,11761.715609,241061.557591,1,6030,94.941
1,1000,18,LXSSA,24,11480.782285,11480.782285,241342.490915,1,6030,94.941
1,1000,18,LXSSA,25,13338.708212,13338.708212,239484.564988,1,6030,94.941
1,1000,18,LXSSA,26,15427.818292,15427.818292,237395.454908,1,6030,94.941
1,1000,18,LXSSA,27,14954.150249,14954.150249,237869.122951,1,6030,94.941
1,1000,18,LXSSA,28,9554.781188,9554.781188,243268.492012,1,6030,94.941
1,1000,18,LXSSA,29,13370.626296,13370.626296,239452.646904,1,6030,94.941
1,1000,18,LXSSA,30,1.4863168442433203e+22,,240929.50034,0,6030,94.941
2,500,10,LXSSA,1,7110.446481,7110.446481,66043.337465,1,6030,30.391
2,500,10,LXSSA,2,5.170706058776278e+21,,65363.360561,0,6030,30.391
2,500,10,LXSSA,3,5.396656727140591e+20,,65055.845354,0,6030,30.391
2,500,10,LXSSA,4,5.420837587527313e+23,,63704.328892,0,6030,30.391
2,500,10,LXSSA,5,1.1181386136022659e+22,,65287.909094,0,6030,30.391
2,500,10,LXSSA,6,4.222045071565032e+22,,65642.922483,0,6030,30.391
2,500,10,LXSSA,7,7266.90621,7266.90621,65886.877737,1,6030,30.391
2,500,10,LXSSA,8,7167.853712,7167.853712,65985.930235,1,6030,30.391
2,500,10,LXSSA,9,6.758615753584908e+19,,63652.495725,0,6030,30.391
2,500,10,LXSSA,10,7199.930474,7199.930474,65953.853473,1,6030,30.391
2,500,10,LXSSA,11,3.112845662508288e+23,,64352.486664,0,6030,30.391
2,500,10,LXSSA,12,2.066372011266189e+23,,65224.234602,0,6030,30.391
2,500,10,LXSSA,13,5.33413437641583e+21,,64492.38283,0,6030,30.391
2,500,10,LXSSA,14,1.94580649404706e+23,,64710.770883,0,6030,30.391
2,500,10,LXSSA,15,9.518953345602183e+23,,64608.852446,0,6030,30.391
2,500,10,LXSSA,16,7823.62715,7823.62715,65330.156796,1,6030,30.391
2,500,10,LXSSA,17,2.614051089449246e+22,,65512.653778,0,6030,30.391
2,500,10,LXSSA,18,2.189839867731333e+23,,65653.969355,0,6030,30.391
2,500,10,LXSSA,19,6.211612277953708e+23,,64417.107759,0,6030,30.391
2,500,10,LXSSA,20,6.047807286898372e+21,,62819.777869,0,6030,30.391
2,500,10,LXSSA,21,4.423979381408438e+23,,64396.517623,0,6030,30.391
2,500,10,LXSSA,22,1.660203065900073e+23,,64285.059007,0,6030,30.391
2,500,10,LXSSA,23,1.0414849541204655e+21,,63711.094496,0,6030,30.391
2,500,10,LXSSA,24,6.090789938400618e+20,,65683.65293,0,6030,30.391
2,500,10,LXSSA,25,5.0505960113674015e+23,,62807.751046,0,6030,30.391
2,500,10,LXSSA,26,6.732692760743141e+22,,66384.943271,0,6030,30.391
2,500,10,LXSSA,27,5.439089763645773e+23,,64997.623836,0,6030,30.391
2,500,10,LXSSA,28,9.856937902369503e+22,,64800.835179,0,6030,30.391
2,500,10,LXSSA,29,7914.868441,7914.868441,65238.915506,1,6030,30.391
2,500,10,LXSSA,30,9.324598769595187e+22,,65879.993476,0,6030,30.391
2,750,14,LXSSA,1,10080.123453,10080.123453,92335.174073,1,6030,60.686
2,750,14,LXSSA,2,5.630853552997109e+22,,91070.657022,0,6030,60.686
2,750,14,LXSSA,3,9891.927385,9891.927385,92523.370141,1,6030,60.686
2,750,14,LXSSA,4,10533.74522,10533.74522,91881.552306,1,6030,60.686
2,750,14,LXSSA,5,9.565223490250276e+20,,92176.910464,0,6030,60.686
2,750,14,LXSSA,6,10659.067145,10659.067145,91756.23038,1,6030,60.686
2,750,14,LXSSA,7,8862.945379,8862.945379,93552.352146,1,6030,60.686
2,750,14,LXSSA,8,8786.884469,8786.884469,93628.413057,1,6030,60.686
2,750,14,LXSSA,9,11810.216689,11810.216689,90605.080837,1,6030,60.686
2,750,14,LXSSA,10,10940.220137,10940.220137,91475.077388,1,6030,60.686
2,750,14,LXSSA,11,10866.93877,10866.93877,91548.358756,1,6030,60.686
2,750,14,LXSSA,12,9544.357544,9544.357544,92870.939981,1,6030,60.686
2,750,14,LXSSA,13,11862.779541,11862.779541,90552.517985,1,6030,60.686
2,750,14,LXSSA,14,10495.638036,10495.638036,91919.65949,1,6030,60.686
2,750,14,LXSSA,15,10579.591176,10579.591176,91835.706349,1,6030,60.686
2,750,14,LXSSA,16,11895.891377,11895.891377,90519.406148,1,6030,60.686
2,750,14,LXSSA,17,9682.115816,9682.115816,92733.18171,1,6030,60.686
2,750,14,LXSSA,18,10301.57254,10301.57254,92113.724985,1,6030,60.686
2,750,14,LXSSA,19,10363.310816,10363.310816,92051.98671,1,6030,60.686
2,750,14,LXSSA,20,9310.634318,9310.634318,93104.663207,1,6030,60.686
2,750,14,LXSSA,21,9.578355601182179e+22,,90628.540185,0,6030,60.686
2,750,14,LXSSA,22,1.9809184160436216e+23,,92358.992594,0,6030,60.686
2,750,14,LXSSA,23,11031.301482,11031.301482,91383.996043,1,6030,60.686
2,750,14,LXSSA,24,8642.236971,8642.236971,93773.060555,1,6030,60.686
2,750,14,LXSSA,25,9.324005009946908e+21,,92468.55713,0,6030,60.686
2,750,14,LXSSA,26,11145.655777,11145.655777,91269.641749,1,6030,60.686
2,750,14,LXSSA,27,4.474530147920311e+21,,91717.298263,0,6030,60.686
2,750,14,LXSSA,28,9067.664357,9067.664357,93347.633169,1,6030,60.686
2,750,14,LXSSA,29,5.170077551566666e+23,,89633.043403,0,6030,60.686
2,750,14,LXSSA,30,8527.603755,8527.603755,93887.69377,1,6030,60.686
2,1000,18,LXSSA,1,10846.725656,10846.725656,120830.085448,1,6030,103.537
2,1000,18,LXSSA,2,10169.465323,10169.465323,121507.345781,1,6030,103.537
2,1000,18,LXSSA,3,11279.849689,11279.849689,120396.961415,1,6030,103.537
2,1000,18,LXSSA,4,11312.270163,11312.270163,120364.540942,1,6030,103.537
2,1000,18,LXSSA,5,12868.62691,12868.62691,118808.184194,1,6030,103.537
2,1000,18,LXSSA,6,9.368948333678208e+22,,115643.635456,0,6030,103.537
2,1000,18,LXSSA,7,12938.2652,12938.2652,118738.545904,1,6030,103.537
2,1000,18,LXSSA,8,9975.624284,9975.624284,121701.18682,1,6030,103.537
2,1000,18,LXSSA,9,2.174689097374108e+23,,118394.616188,0,6030,103.537
2,1000,18,LXSSA,10,11986.487251,11986.487251,119690.323853,1,6030,103.537
2,1000,18,LXSSA,11,9.192309795846076e+20,,117416.349417,0,6030,103.537
2,1000,18,LXSSA,12,13132.144781,13132.144781,118544.666324,1,6030,103.537
2,1000,18,LXSSA,13,12347.096221,12347.096221,119329.714883,1,6030,103.537
2,1000,18,LXSSA,14,10425.507895,10425.507895,121251.303209,1,6030,103.537
2,1000,18,LXSSA,15,13957.854793,13957.854793,117718.956311,1,6030,103.537
2,1000,18,LXSSA,16,13502.934572,13502.934572,118173.876532,1,6030,103.537
2,1000,18,LXSSA,17,1.840549607129451e+17,,117296.050268,0,6030,103.537
2,1000,18,LXSSA,18,13180.041933,13180.041933,118496.769171,1,6030,103.537
2,1000,18,LXSSA,19,10934.363255,10934.363255,120742.44785,1,6030,103.537
2,1000,18,LXSSA,20,11619.48135,11619.48135,120057.329754,1,6030,103.537
2,1000,18,LXSSA,21,10621.884369,10621.884369,121054.926735,1,6030,103.537
2,1000,18,LXSSA,22,13538.435045,13538.435045,118138.376059,1,6030,103.537
2,1000,18,LXSSA,23,10707.871975,10707.871975,120968.939129,1,6030,103.537
2,1000,18,LXSSA,24,11461.892953,11461.892953,120214.918151,1,6030,103.537
2,1000,18,LXSSA,25,12205.352939,12205.352939,119471.458166,1,6030,103.537
2,1000,18,LXSSA,26,12136.317159,12136.317159,119540.493945,1,6030,103.537
2,1000,18,LXSSA,27,9050.105029,9050.105029,122626.706075,1,6030,103.537
2,1000,18,LXSSA,28,11665.577173,11665.577173,120011.233931,1,6030,103.537
2,1000,18,LXSSA,29,11794.022047,11794.022047,119882.789057,1,6030,103.537
2,1000,18,LXSSA,30,1.4863168442433203e+22,,119864.880374,0,6030,103.537
1,500,10,LXSSA_REPAIR,1,2795.822259,2795.822259,137661.551741,1,6030,52.441
1,500,10,LXSSA_REPAIR,2,2020.765674,2020.765674,138436.608326,1,6030,52.441
1,500,10,LXSSA_REPAIR,3,2193.325415,2193.325415,138264.048585,1,6030,52.441
1,500,10,LXSSA_REPAIR,4,2794.508953,2794.508953,137662.865047,1,6030,52.441
1,500,10,LXSSA_REPAIR,5,2795.030104,2795.030104,137662.343896,1,6030,52.441
1,500,10,LXSSA_REPAIR,6,2296.837459,2296.837459,138160.536541,1,6030,52.441
1,500,10,LXSSA_REPAIR,7,2644.632648,2644.632648,137812.741352,1,6030,52.441
1,500,10,LXSSA_REPAIR,8,2334.722594,2334.722594,138122.651406,1,6030,52.441
1,500,10,LXSSA_REPAIR,9,3287.861352,3287.861352,137169.512648,1,6030,52.441
1,500,10,LXSSA_REPAIR,10,2400.14572,2400.14572,138057.22828,1,6030,52.441
1,500,10,LXSSA_REPAIR,11,2552.596946,2552.596946,137904.777054,1,6030,52.441
1,500,10,LXSSA_REPAIR,12,2395.192737,2395.192737,138062.181263,1,6030,52.441
1,500,10,LXSSA_REPAIR,13,2372.363667,2372.363667,138085.010333,1,6030,52.441
1,500,10,LXSSA_REPAIR,14,2399.646615,2399.646615,138057.727385,1,6030,52.441
1,500,10,LXSSA_REPAIR,15,3116.777338,3116.777338,137340.596662,1,6030,52.441
1,500,10,LXSSA_REPAIR,16,2197.068448,2197.068448,138260.305552,1,6030,52.441
1,500,10,LXSSA_REPAIR,17,3352.526146,3352.526146,137104.847854,1,6030,52.441
1,500,10,LXSSA_REPAIR,18,2975.522439,2975.522439,137481.851561,1,6030,52.441
1,500,10,LXSSA_REPAIR,19,2265.017866,2265.017866,138192.356134,1,6030,52.441
1,500,10,LXSSA_REPAIR,20,3635.911801,3635.911801,136821.462199,1,6030,52.441
1,500,10,LXSSA_REPAIR,21,2408.431454,2408.431454,138048.942546,1,6030,52.441
1,500,10,LXSSA_REPAIR,22,2751.930899,2751.930899,137705.443101,1,6030,52.441
1,500,10,LXSSA_REPAIR,23,2783.492706,2783.492706,137673.881294,1,6030,52.441
1,500,10,LXSSA_REPAIR,24,2665.68426,2665.68426,137791.68974,1,6030,52.441
1,500,10,LXSSA_REPAIR,25,2780.546191,2780.546191,137676.827809,1,6030,52.441
1,500,10,LXSSA_REPAIR,26,2808.124853,2808.124853,137649.249147,1,6030,52.441
1,500,10,LXSSA_REPAIR,27,2798.789564,2798.789564,137658.584436,1,6030,52.441
1,500,10,LXSSA_REPAIR,28,3910.123372,3910.123372,136547.250628,1,6030,52.441
1,500,10,LXSSA_REPAIR,29,2789.02352,2789.02352,137668.35048,1,6030,52.441
1,500,10,LXSSA_REPAIR,30,2400.8566,2400.8566,138056.5174,1,6030,52.441
1,750,14,LXSSA_REPAIR,1,5682.004942,5682.004942,190958.318658,1,6030,85.832
1,750,14,LXSSA_REPAIR,2,5814.059398,5814.059398,190826.264202,1,6030,85.832
1,750,14,LXSSA_REPAIR,3,5369.58943,5369.58943,191270.73417,1,6030,85.832
1,750,14,LXSSA_REPAIR,4,5166.935798,5166.935798,191473.387802,1,6030,85.832
1,750,14,LXSSA_REPAIR,5,6534.108767,6534.108767,190106.214833,1,6030,85.832
1,750,14,LXSSA_REPAIR,6,4856.178496,4856.178496,191784.145104,1,6030,85.832
1,750,14,LXSSA_REPAIR,7,5233.713023,5233.713023,191406.610577,1,6030,85.832
1,750,14,LXSSA_REPAIR,8,4398.051041,4398.051041,192242.272559,1,6030,85.832
1,750,14,LXSSA_REPAIR,9,4975.88068,4975.88068,191664.44292,1,6030,85.832
1,750,14,LXSSA_REPAIR,10,4083.752095,4083.752095,192556.571505,1,6030,85.832
1,750,14,LXSSA_REPAIR,11,4890.240984,4890.240984,191750.082616,1,6030,85.832
1,750,14,LXSSA_REPAIR,12,4461.102018,4461.102018,192179.221582,1,6030,85.832
1,750,14,LXSSA_REPAIR,13,5894.044839,5894.044839,190746.278761,1,6030,85.832
1,750,14,LXSSA_REPAIR,14,5403.560358,5403.560358,191236.763242,1,6030,85.832
1,750,14,LXSSA_REPAIR,15,3796.907068,3796.907068,192843.416532,1,6030,85.832
1,750,14,LXSSA_REPAIR,16,5246.940867,5246.940867,191393.382733,1,6030,85.832
1,750,14,LXSSA_REPAIR,17,4417.275871,4417.275871,192223.047729,1,6030,85.832
1,750,14,LXSSA_REPAIR,18,5266.493044,5266.493044,191373.830556,1,6030,85.832
1,750,14,LXSSA_REPAIR,19,4379.40921,4379.40921,192260.91439,1,6030,85.832
1,750,14,LXSSA_REPAIR,20,7284.610396,7284.610396,189355.713204,1,6030,85.832
1,750,14,LXSSA_REPAIR,21,5639.313454,5639.313454,191001.010146,1,6030,85.832
1,750,14,LXSSA_REPAIR,22,6072.699608,6072.699608,190567.623992,1,6030,85.832
1,750,14,LXSSA_REPAIR,23,3852.05897,3852.05897,192788.26463,1,6030,85.832
1,750,14,LXSSA_REPAIR,24,4254.852907,4254.852907,192385.470693,1,6030,85.832
1,750,14,LXSSA_REPAIR,25,4924.363537,4924.363537,191715.960063,1,6030,85.832
1,750,14,LXSSA_REPAIR,26,4726.540242,4726.540242,191913.783358,1,6030,85.832
1,750,14,LXSSA_REPAIR,27,4846.400963,4846.400963,191793.922637,1,6030,85.832
1,750,14,LXSSA_REPAIR,28,4423.264285,4423.264285,192217.059315,1,6030,85.832
1,750,14,LXSSA_REPAIR,29,5053.95022,5053.95022,191586.37338,1,6030,85.832
1,750,14,LXSSA_REPAIR,30,5372.930252,5372.930252,191267.393348,1,6030,85.832
1,1000,18,LXSSA_REPAIR,1,6461.844949,6461.844949,246361.428251,1,6030,129.55
1,1000,18,LXSSA_REPAIR,2,6015.643386,6015.643386,246807.629814,1,6030,129.55
1,1000,18,LXSSA_REPAIR,3,7188.132079,7188.132079,245635.141121,1,6030,129.55
1,1000,18,LXSSA_REPAIR,4,5043.23887,5043.23887,247780.03433,1,6030,129.55
1,1000,18,LXSSA_REPAIR,5,6055.039426,6055.039426,246768.233774,1,6030,129.55
1,1000,18,LXSSA_REPAIR,6,7008.207889,7008.207889,245815.065311,1,6030,129.55
1,1000,18,LXSSA_REPAIR,7,7016.581048,7016.581048,245806.692152,1,6030,129.55
1,1000,18,LXSSA_REPAIR,8,6254.649319,6254.649319,246568.623881,1,6030,129.55
1,1000,18,LXSSA_REPAIR,9,5824.264129,5824.264129,246999.009071,1,6030,129.55
1,1000,18,LXSSA_REPAIR,10,6722.927081,6722.927081,246100.346119,1,6030,129.55
1,1000,18,LXSSA_REPAIR,11,5850.876938,5850.876938,246972.396262,1,6030,129.55
1,1000,18,LXSSA_REPAIR,12,5669.869818,5669.869818,247153.403382,1,6030,129.55
1,1000,18,LXSSA_REPAIR,13,6140.82347,6140.82347,246682.44973,1,6030,129.55
1,1000,18,LXSSA_REPAIR,14,5705.053023,5705.053023,247118.220177,1,6030,129.55
1,1000,18,LXSSA_REPAIR,15,5951.90865,5951.90865,246871.36455,1,6030,129.55
1,1000,18,LXSSA_REPAIR,16,6110.149178,6110.149178,246713.124022,1,6030,129.55
1,1000,18,LXSSA_REPAIR,17,6678.584544,6678.584544,246144.688656,1,6030,129.55
1,1000,18,LXSSA_REPAIR,18,6999.274426,6999.274426,245823.998774,1,6030,129.55
1,1000,18,LXSSA_REPAIR,19,5817.306115,5817.306115,247005.967085,1,6030,129.55
1,1000,18,LXSSA_REPAIR,20,6729.085531,6729.085531,246094.187669,1,6030,129.55
1,1000,18,LXSSA_REPAIR,21,5517.759109,5517.759109,247305.514091,1,6030,129.55
1,1000,18,LXSSA_REPAIR,22,5597.207821,5597.207821,247226.065379,1,6030,129.55
1,1000,18,LXSSA_REPAIR,23,7107.591728,7107.591728,245715.681472,1,6030,129.55
1,1000,18,LXSSA_REPAIR,24,5965.593724,5965.593724,246857.679476,1,6030,129.55
1,1000,18,LXSSA_REPAIR,25,7692.004021,7692.004021,245131.269179,1,6030,129.55
1,1000,18,LXSSA_REPAIR,26,6095.624299,6095.624299,246727.648901,1,6030,129.55
1,1000,18,LXSSA_REPAIR,27,6620.041122,6620.041122,246203.232078,1,6030,129.55
1,1000,18,LXSSA_REPAIR,28,5060.846392,5060.846392,247762.426808,1,6030,129.55
1,1000,18,LXSSA_REPAIR,29,5253.050249,5253.050249,247570.222951,1,6030,129.55
1,1000,18,LXSSA_REPAIR,30,6774.590262,6774.590262,246048.682938,1,6030,129.55
2,500,10,LXSSA_REPAIR,1,5124.743181,5124.743181,68029.040766,1,6030,52.324
2,500,10,LXSSA_REPAIR,2,4799.66731,4799.66731,68354.116637,1,6030,52.324
2,500,10,LXSSA_REPAIR,3,5836.651792,5836.651792,67317.132155,1,6030,52.324
2,500,10,LXSSA_REPAIR,4,4927.056021,4927.056021,68226.727925,1,6030,52.324
2,500,10,LXSSA_REPAIR,5,4734.49778,4734.49778,68419.286167,1,6030,52.324
2,500,10,LXSSA_REPAIR,6,5604.572449,5604.572449,67549.211497,1,6030,52.324
2,500,10,LXSSA_REPAIR,7,4966.831781,4966.831781,68186.952166,1,6030,52.324
2,500,10,LXSSA_REPAIR,8,5555.100687,5555.100687,67598.68326,1,6030,52.324
2,500,10,LXSSA_REPAIR,9,6042.40223,6042.40223,67111.381717,1,6030,52.324
2,500,10,LXSSA_REPAIR,10,4917.142933,4917.142933,68236.641014,1,6030,52.324
2,500,10,LXSSA_REPAIR,11,4789.718624,4789.718624,68364.065323,1,6030,52.324
2,500,10,LXSSA_REPAIR,12,6237.428972,6237.428972,66916.354974,1,6030,52.324
2,500,10,LXSSA_REPAIR,13,4927.104834,4927.104834,68226.679113,1,6030,52.324
2,500,10,LXSSA_REPAIR,14,4616.0745,4616.0745,68537.709447,1,6030,52.324
2,500,10,LXSSA_REPAIR,15,4965.13892,4965.13892,68188.645026,1,6030,52.324
2,500,10,LXSSA_REPAIR,16,5384.805033,5384.805033,67768.978914,1,6030,52.324
2,500,10,LXSSA_REPAIR,17,5460.4926,5460.4926,67693.291346,1,6030,52.324
2,500,10,LXSSA_REPAIR,18,5415.810966,5415.810966,67737.972981,1,6030,52.324
2,500,10,LXSSA_REPAIR,19,4738.965003,4738.965003,68414.818943,1,6030,52.324
2,500,10,LXSSA_REPAIR,20,4810.928848,4810.928848,68342.855098,1,6030,52.324
2,500,10,LXSSA_REPAIR,21,5053.478961,5053.478961,68100.304986,1,6030,52.324
2,500,10,LXSSA_REPAIR,22,6030.677403,6030.677403,67123.106544,1,6030,52.324
2,500,10,LXSSA_REPAIR,23,4923.752147,4923.752147,68230.0318,1,6030,52.324
2,500,10,LXSSA_REPAIR,24,4780.248753,4780.248753,68373.535194,1,6030,52.324
2,500,10,LXSSA_REPAIR,25,5101.155062,5101.155062,68052.628885,1,6030,52.324
2,500,10,LXSSA_REPAIR,26,4954.857198,4954.857198,68198.926749,1,6030,52.324
2,500,10,LXSSA_REPAIR,27,4939.303325,4939.303325,68214.480622,1,6030,52.324
2,500,10,LXSSA_REPAIR,28,4763.726992,4763.726992,68390.056955,1,6030,52.324
2,500,10,LXSSA_REPAIR,29,4940.675108,4940.675108,68213.108839,1,6030,52.324
2,500,10,LXSSA_REPAIR,30,4997.831175,4997.831175,68155.952772,1,6030,52.324
2,750,14,LXSSA_REPAIR,1,6514.898537,6514.898537,95900.398989,1,6030,84.995
2,750,14,LXSSA_REPAIR,2,6651.707982,6651.707982,95763.589543,1,6030,84.995
2,750,14,LXSSA_REPAIR,3,6561.457005,6561.457005,95853.84052,1,6030,84.995
2,750,14,LXSSA_REPAIR,4,7236.713996,7236.713996,95178.58353,1,6030,84.995
2,750,14,LXSSA_REPAIR,5,7127.787418,7127.787418,95287.510108,1,6030,84.995
2,750,14,LXSSA_REPAIR,6,7396.096576,7396.096576,95019.20095,1,6030,84.995
2,750,14,LXSSA_REPAIR,7,7117.02258,7117.02258,95298.274945,1,6030,84.995
2,750,14,LXSSA_REPAIR,8,6790.231343,6790.231343,95625.066183,1,6030,84.995
2,750,14,LXSSA_REPAIR,9,6555.904568,6555.904568,95859.392958,1,6030,84.995
2,750,14,LXSSA_REPAIR,10,7330.201234,7330.201234,95085.096292,1,6030,84.995
2,750,14,LXSSA_REPAIR,11,6047.459975,6047.459975,96367.837551,1,6030,84.995
2,750,14,LXSSA_REPAIR,12,7320.479683,7320.479683,95094.817843,1,6030,84.995
2,750,14,LXSSA_REPAIR,13,7063.86075,7063.86075,95351.436775,1,6030,84.995
2,750,14,LXSSA_REPAIR,14,7383.022868,7383.022868,95032.274658,1,6030,84.995
2,750,14,LXSSA_REPAIR,15,6521.20588,6521.20588,95894.091645,1,6030,84.995
2,750,14,LXSSA_REPAIR,16,6972.727323,6972.727323,95442.570203,1,6030,84.995
2,750,14,LXSSA_REPAIR,17,6720.034888,6720.034888,95695.262638,1,6030,84.995
2,750,14,LXSSA_REPAIR,18,6854.20684,6854.20684,95561.090685,1,6030,84.995
2,750,14,LXSSA_REPAIR,19,6942.658312,6942.658312,95472.639214,1,6030,84.995
2,750,14,LXSSA_REPAIR,20,6897.525137,6897.525137,95517.772388,1,6030,84.995
2,750,14,LXSSA_REPAIR,21,6833.522573,6833.522573,95581.774953,1,6030,84.995
2,750,14,LXSSA_REPAIR,22,6612.950808,6612.950808,95802.346718,1,6030,84.995
2,750,14,LXSSA_REPAIR,23,6509.191344,6509.191344,95906.106182,1,6030,84.995
2,750,14,LXSSA_REPAIR,24,7211.771874,7211.771874,95203.525651,1,6030,84.995
2,750,14,LXSSA_REPAIR,25,7011.133725,7011.133725,95404.1638,1,6030,84.995
2,750,14,LXSSA_REPAIR,26,7769.278904,7769.278904,94646.018622,1,6030,84.995
2,750,14,LXSSA_REPAIR,27,7069.318886,7069.318886,95345.97864,1,6030,84.995
2,750,14,LXSSA_REPAIR,28,6187.364739,6187.364739,96227.932787,1,6030,84.995
2,750,14,LXSSA_REPAIR,29,7878.286328,7878.286328,94537.011197,1,6030,84.995
2,750,14,LXSSA_REPAIR,30,6709.387925,6709.387925,95705.909601,1,6030,84.995
2,1000,18,LXSSA_REPAIR,1,8629.246181,8629.246181,123047.564923,1,6030,132.069
2,1000,18,LXSSA_REPAIR,2,8362.85553,8362.85553,123313.955575,1,6030,132.069
2,1000,18,LXSSA_REPAIR,3,8539.066653,8539.066653,123137.744452,1,6030,132.069
2,1000,18,LXSSA_REPAIR,4,8755.726433,8755.726433,122921.084671,1,6030,132.069
2,1000,18,LXSSA_REPAIR,5,7996.078587,7996.078587,123680.732517,1,6030,132.069
2,1000,18,LXSSA_REPAIR,6,8708.850708,8708.850708,122967.960397,1,6030,132.069
2,1000,18,LXSSA_REPAIR,7,8920.567642,8920.567642,122756.243462,1,6030,132.069
2,1000,18,LXSSA_REPAIR,8,8595.822403,8595.822403,123080.988702,1,6030,132.069
2,1000,18,LXSSA_REPAIR,9,8614.141029,8614.141029,123062.670075,1,6030,132.069
2,1000,18,LXSSA_REPAIR,10,9366.883814,9366.883814,122309.92729,1,6030,132.069
2,1000,18,LXSSA_REPAIR,11,8119.126756,8119.126756,123557.684348,1,6030,132.069
2,1000,18,LXSSA_REPAIR,12,7877.113748,7877.113748,123799.697356,1,6030,132.069
2,1000,18,LXSSA_REPAIR,13,8645.477945,8645.477945,123031.33316,1,6030,132.069
2,1000,18,LXSSA_REPAIR,14,8548.820715,8548.820715,123127.990389,1,6030,132.069
2,1000,18,LXSSA_REPAIR,15,7745.71828,7745.71828,123931.092824,1,6030,132.069
2,1000,18,LXSSA_REPAIR,16,7840.493304,7840.493304,123836.317801,1,6030,132.069
2,1000,18,LXSSA_REPAIR,17,8141.894834,8141.894834,123534.916271,1,6030,132.069
2,1000,18,LXSSA_REPAIR,18,8289.88598,8289.88598,123386.925124,1,6030,132.069
2,1000,18,LXSSA_REPAIR,19,8100.14407,8100.14407,123576.667034,1,6030,132.069
2,1000,18,LXSSA_REPAIR,20,7882.716411,7882.716411,123794.094693,1,6030,132.069
2,1000,18,LXSSA_REPAIR,21,8172.195147,8172.195147,123504.615957,1,6030,132.069
2,1000,18,LXSSA_REPAIR,22,7559.426119,7559.426119,124117.384985,1,6030,132.069
2,1000,18,LXSSA_REPAIR,23,8307.743273,8307.743273,123369.067831,1,6030,132.069
2,1000,18,LXSSA_REPAIR,24,7735.128208,7735.128208,123941.682897,1,6030,132.069
2,1000,18,LXSSA_REPAIR,25,8052.72439,8052.72439,123624.086715,1,6030,132.069
2,1000,18,LXSSA_REPAIR,26,7890.244706,7890.244706,123786.566398,1,6030,132.069
2,1000,18,LXSSA_REPAIR,27,8678.442206,8678.442206,122998.368899,1,6030,132.069
2,1000,18,LXSSA_REPAIR,28,8165.469583,8165.469583,123511.341521,1,6030,132.069
2,1000,18,LXSSA_REPAIR,29,8057.396509,8057.396509,123619.414596,1,6030,132.069
2,1000,18,LXSSA_REPAIR,30,7964.724001,7964.724001,123712.087104,1,6030,132.069
1,500,10,GNNLXSSA,1,2779.1289348081336,2779.1289348081336,137678.24506519188,1,2070,235.33633937499985
1,500,10,GNNLXSSA,2,2962.3532780452806,2962.3532780452806,137495.02072195473,1,2072,235.33633937499985
1,500,10,GNNLXSSA,3,3028.606018370134,3028.606018370134,137428.76798162988,1,2066,235.33633937499985
1,500,10,GNNLXSSA,4,2437.5544686320936,2437.5544686320936,138019.81953136792,1,2062,235.33633937499985
1,500,10,GNNLXSSA,5,2432.8018385213218,2432.8018385213218,138024.5721614787,1,2072,235.33633937499985
1,500,10,GNNLXSSA,6,2780.979955745279,2780.979955745279,137676.39404425473,1,2074,235.33633937499985
1,500,10,GNNLXSSA,7,2349.273486950202,2349.273486950202,138108.1005130498,1,2073,235.33633937499985
1,500,10,GNNLXSSA,8,2628.704198513704,2628.704198513704,137828.6698014863,1,2061,235.33633937499985
1,500,10,GNNLXSSA,9,2288.0957831214478,2288.0957831214478,138169.27821687856,1,2074,235.33633937499985
1,500,10,GNNLXSSA,10,3400.7669165685656,3400.7669165685656,137056.60708343145,1,2075,235.33633937499985
1,500,10,GNNLXSSA,11,2413.294215613132,2413.294215613132,138044.07978438688,1,2085,235.33633937499985
1,500,10,GNNLXSSA,12,2788.8795733253064,2788.8795733253064,137668.4944266747,1,2067,235.33633937499985
1,500,10,GNNLXSSA,13,2390.231919730344,2390.231919730344,138067.14208026967,1,2084,235.33633937499985
1,500,10,GNNLXSSA,14,2374.24906770917,2374.24906770917,138083.12493229084,1,2078,235.33633937499985
1,500,10,GNNLXSSA,15,2445.9347913724487,2445.9347913724487,138011.43920862756,1,2079,235.33633937499985
1,500,10,GNNLXSSA,16,2283.24048388112,2283.24048388112,138174.1335161189,1,2076,235.33633937499985
1,500,10,GNNLXSSA,17,2787.5352230479184,2787.5352230479184,137669.8387769521,1,2069,235.33633937499985
1,500,10,GNNLXSSA,18,2310.4699309564894,2310.4699309564894,138146.90406904352,1,2071,235.33633937499985
1,500,10,GNNLXSSA,19,2783.113430017868,2783.113430017868,137674.26056998214,1,2067,235.33633937499985
1,500,10,GNNLXSSA,20,2316.323850243527,2316.323850243527,138141.05014975648,1,2073,235.33633937499985
1,500,10,GNNLXSSA,21,2706.399593771028,2706.399593771028,137750.97440622898,1,2077,235.33633937499985
1,500,10,GNNLXSSA,22,2419.980184253829,2419.980184253829,138037.39381574618,1,2068,235.33633937499985
1,500,10,GNNLXSSA,23,2394.110263008537,2394.110263008537,138063.26373699147,1,2076,235.33633937499985
1,500,10,GNNLXSSA,24,2803.430470987252,2803.430470987252,137653.94352901276,1,2063,235.33633937499985
1,500,10,GNNLXSSA,25,2662.803370709298,2662.803370709298,137794.5706292907,1,2069,235.33633937499985
1,500,10,GNNLXSSA,26,3419.915556475986,3419.915556475986,137037.45844352402,1,2067,235.33633937499985
1,500,10,GNNLXSSA,27,2789.629658734426,2789.629658734426,137667.74434126558,1,2073,235.33633937499985
1,500,10,GNNLXSSA,28,2415.0044582001283,2415.0044582001283,138042.36954179988,1,2070,235.33633937499985
1,500,10,GNNLXSSA,29,2527.127947145229,2527.127947145229,137930.24605285478,1,2071,235.33633937499985
1,500,10,GNNLXSSA,30,2737.095095341385,2737.095095341385,137720.27890465863,1,2073,235.33633937499985
1,750,14,GNNLXSSA,1,3563.1953431398724,3563.1953431398724,193077.12825686013,1,2328,496.40658547400005
1,750,14,GNNLXSSA,2,5531.752867897594,5531.752867897594,191108.5707321024,1,2338,496.40658547400005
1,750,14,GNNLXSSA,3,5273.919076464837,5273.919076464837,191366.4045235352,1,2327,496.40658547400005
1,750,14,GNNLXSSA,4,7285.390040703875,7285.390040703875,189354.93355929613,1,2314,496.40658547400005
1,750,14,GNNLXSSA,5,5110.989673675067,5110.989673675067,191529.3339263249,1,2324,496.40658547400005
1,750,14,GNNLXSSA,6,5666.922974311397,5666.922974311397,190973.4006256886,1,2334,496.40658547400005
1,750,14,GNNLXSSA,7,5892.684865548392,5892.684865548392,190747.6387344516,1,2324,496.40658547400005
1,750,14,GNNLXSSA,8,4733.01796118822,4733.01796118822,191907.30563881175,1,2328,496.40658547400005
1,750,14,GNNLXSSA,9,5236.705313337909,5236.705313337909,191403.6182866621,1,2324,496.40658547400005
1,750,14,GNNLXSSA,10,4562.647193322482,4562.647193322482,192077.67640667752,1,2322,496.40658547400005
1,750,14,GNNLXSSA,11,5323.753566213534,5323.753566213534,191316.57003378647,1,2330,496.40658547400005
1,750,14,GNNLXSSA,12,4584.507926391001,4584.507926391001,192055.815673609,1,2316,496.40658547400005
1,750,14,GNNLXSSA,13,4991.614130744652,4991.614130744652,191648.70946925532,1,2326,496.40658547400005
1,750,14,GNNLXSSA,14,5749.847852326668,5749.847852326668,190890.4757476733,1,2328,496.40658547400005
1,750,14,GNNLXSSA,15,6387.401876537566,6387.401876537566,190252.92172346244,1,2326,496.40658547400005
1,750,14,GNNLXSSA,16,4854.18152279174,4854.18152279174,191786.14207720823,1,2335,496.40658547400005
1,750,14,GNNLXSSA,17,6147.871033564297,6147.871033564297,190492.4525664357,1,2323,496.40658547400005
1,750,14,GNNLXSSA,18,5965.255706397176,5965.255706397176,190675.06789360283,1,2333,496.40658547400005
1,750,14,GNNLXSSA,19,5924.186165483639,5924.186165483639,190716.1374345164,1,2324,496.40658547400005
1,750,14,GNNLXSSA,20,5050.930080328806,5050.930080328806,191589.3935196712,1,2327,496.40658547400005
1,750,14,GNNLXSSA,21,5847.952426630072,5847.952426630072,190792.37117336996,1,2329,496.40658547400005
1,750,14,GNNLXSSA,22,7017.950914743095,7017.950914743095,189622.3726852569,1,2326,496.40658547400005
1,750,14,GNNLXSSA,23,4469.397415257728,4469.397415257728,192170.92618474227,1,2327,496.40658547400005
1,750,14,GNNLXSSA,24,5339.757248539914,5339.757248539914,191300.5663514601,1,2326,496.40658547400005
1,750,14,GNNLXSSA,25,4945.272976303357,4945.272976303357,191695.05062369665,1,2321,496.40658547400005
1,750,14,GNNLXSSA,26,6513.688611240475,6513.688611240475,190126.63498875956,1,2315,496.40658547400005
1,750,14,GNNLXSSA,27,5710.953630521835,5710.953630521835,190929.36996947817,1,2320,496.40658547400005
1,750,14,GNNLXSSA,28,5943.950357597001,5943.950357597001,190696.373242403,1,2321,496.40658547400005
1,750,14,GNNLXSSA,29,4856.11256077289,4856.11256077289,191784.2110392271,1,2326,496.40658547400005
1,750,14,GNNLXSSA,30,4413.997143826244,4413.997143826244,192226.32645617376,1,2330,496.40658547400005
1,1000,18,GNNLXSSA,1,6387.996786611067,6387.996786611067,246435.27641338893,1,2591,860.546615045
1,1000,18,GNNLXSSA,2,5345.372073919949,5345.372073919949,247477.90112608005,1,2585,860.546615045
1,1000,18,GNNLXSSA,3,6224.609133055288,6224.609133055288,246598.6640669447,1,2579,860.546615045
1,1000,18,GNNLXSSA,4,7365.942999722465,7365.942999722465,245457.33020027756,1,2570,860.546615045
1,1000,18,GNNLXSSA,5,7181.651496380218,7181.651496380218,245641.62170361975,1,2584,860.546615045
1,1000,18,GNNLXSSA,6,6359.320134839829,6359.320134839829,246463.95306516017,1,2576,860.546615045
1,1000,18,GNNLXSSA,7,7611.091244656738,7611.091244656738,245212.1819553433,1,2580,860.546615045
1,1000,18,GNNLXSSA,8,6360.057860470348,6360.057860470348,246463.21533952965,1,2588,860.546615045
1,1000,18,GNNLXSSA,9,8042.078813209868,8042.078813209868,244781.19438679013,1,2587,860.546615045
1,1000,18,GNNLXSSA,10,7403.1479954182,7403.1479954182,245420.1252045818,1,2579,860.546615045
1,1000,18,GNNLXSSA,11,7186.743176343036,7186.743176343036,245636.53002365696,1,2583,860.546615045
1,1000,18,GNNLXSSA,12,7892.614103385858,7892.614103385858,244930.6590966141,1,2584,860.546615045
1,1000,18,GNNLXSSA,13,5958.985875041661,5958.985875041661,246864.28732495836,1,2588,860.546615045
1,1000,18,GNNLXSSA,14,6638.007350403874,6638.007350403874,246185.2658495961,1,2583,860.546615045
1,1000,18,GNNLXSSA,15,6972.985112159833,6972.985112159833,245850.28808784016,1,2574,860.546615045
1,1000,18,GNNLXSSA,16,7646.593207014317,7646.593207014317,245176.67999298568,1,2586,860.546615045
1,1000,18,GNNLXSSA,17,6416.4821570771455,6416.4821570771455,246406.79104292285,1,2581,860.546615045
1,1000,18,GNNLXSSA,18,7432.11120147552,7432.11120147552,245391.16199852448,1,2590,860.546615045
1,1000,18,GNNLXSSA,19,7940.604629542737,7940.604629542737,244882.6685704573,1,2586,860.546615045
1,1000,18,GNNLXSSA,20,4428.569276590628,4428.569276590628,248394.70392340937,1,2583,860.546615045
1,1000,18,GNNLXSSA,21,7616.121790183999,7616.121790183999,245207.151409816,1,2587,860.546615045
1,1000,18,GNNLXSSA,22,8172.514848824067,8172.514848824067,244650.75835117596,1,2593,860.546615045
1,1000,18,GNNLXSSA,23,6617.549541707092,6617.549541707092,246205.7236582929,1,2579,860.546615045
1,1000,18,GNNLXSSA,24,7157.562267083849,7157.562267083849,245665.71093291612,1,2580,860.546615045
1,1000,18,GNNLXSSA,25,6909.330621839152,6909.330621839152,245913.94257816084,1,2585,860.546615045
1,1000,18,GNNLXSSA,26,6346.719170339842,6346.719170339842,246476.55402966012,1,2581,860.546615045
1,1000,18,GNNLXSSA,27,5948.072683067236,5948.072683067236,246875.2005169328,1,2580,860.546615045
1,1000,18,GNNLXSSA,28,8015.086356076441,8015.086356076441,244808.18684392355,1,2585,860.546615045
1,1000,18,GNNLXSSA,29,6639.539433925384,6639.539433925384,246183.7337660746,1,2583,860.546615045
1,1000,18,GNNLXSSA,30,8201.667625968694,8201.667625968694,244621.6055740313,1,2579,860.546615045
2,500,10,GNNLXSSA,1,4968.170848436072,4968.170848436072,68185.61309841063,1,2075,235.9793685960003
2,500,10,GNNLXSSA,2,4768.788461461852,4768.788461461852,68384.99548538485,1,2068,235.9793685960003
2,500,10,GNNLXSSA,3,5113.257111465107,5113.257111465107,68040.52683538159,1,2074,235.9793685960003
2,500,10,GNNLXSSA,4,4806.712469674327,4806.712469674327,68347.07147717237,1,2076,235.9793685960003
2,500,10,GNNLXSSA,5,5057.138961891062,5057.138961891062,68096.64498495564,1,2067,235.9793685960003
2,500,10,GNNLXSSA,6,4754.709854024099,4754.709854024099,68399.0740928226,1,2073,235.9793685960003
2,500,10,GNNLXSSA,7,4806.967317251794,4806.967317251794,68346.8166295949,1,2067,235.9793685960003
2,500,10,GNNLXSSA,8,4937.632257501959,4937.632257501959,68216.15168934474,1,2073,235.9793685960003
2,500,10,GNNLXSSA,9,4968.080729330104,4968.080729330104,68185.7032175166,1,2077,235.9793685960003
2,500,10,GNNLXSSA,10,4724.512898502973,4724.512898502973,68429.27104834373,1,2073,235.9793685960003
2,500,10,GNNLXSSA,11,4807.561743620667,4807.561743620667,68346.22220322603,1,2071,235.9793685960003
2,500,10,GNNLXSSA,12,4786.957208903361,4786.957208903361,68366.82673794334,1,2076,235.9793685960003
2,500,10,GNNLXSSA,13,4949.357386204763,4949.357386204763,68204.42656064194,1,2071,235.9793685960003
2,500,10,GNNLXSSA,14,4763.218557444474,4763.218557444474,68390.56538940223,1,2058,235.9793685960003
2,500,10,GNNLXSSA,15,4956.422796218452,4956.422796218452,68197.36115062825,1,2067,235.9793685960003
2,500,10,GNNLXSSA,16,4986.639210048277,4986.639210048277,68167.14473679842,1,2071,235.9793685960003
2,500,10,GNNLXSSA,17,4934.51437790315,4934.51437790315,68219.26956894355,1,2073,235.9793685960003
2,500,10,GNNLXSSA,18,4807.732872455119,4807.732872455119,68346.05107439158,1,2074,235.9793685960003
2,500,10,GNNLXSSA,19,5116.332320190209,5116.332320190209,68037.45162665649,1,2062,235.9793685960003
2,500,10,GNNLXSSA,20,4827.769211859792,4827.769211859792,68326.01473498691,1,2066,235.9793685960003
2,500,10,GNNLXSSA,21,4815.0313748321205,4815.0313748321205,68338.75257201458,1,2080,235.9793685960003
2,500,10,GNNLXSSA,22,4811.558784630062,4811.558784630062,68342.22516221664,1,2069,235.9793685960003
2,500,10,GNNLXSSA,23,5057.872787719738,5057.872787719738,68095.91115912696,1,2072,235.9793685960003
2,500,10,GNNLXSSA,24,4909.0447354962525,4909.0447354962525,68244.73921135045,1,2071,235.9793685960003
2,500,10,GNNLXSSA,25,5106.6851110373245,5106.6851110373245,68047.09883580937,1,2069,235.9793685960003
2,500,10,GNNLXSSA,26,5113.05957217871,5113.05957217871,68040.72437466799,1,2068,235.9793685960003
2,500,10,GNNLXSSA,27,4738.690774425544,4738.690774425544,68415.09317242116,1,2068,235.9793685960003
2,500,10,GNNLXSSA,28,4925.80597046284,4925.80597046284,68227.97797638386,1,2072,235.9793685960003
2,500,10,GNNLXSSA,29,4981.453045313421,4981.453045313421,68172.33090153328,1,2077,235.9793685960003
2,500,10,GNNLXSSA,30,5092.707090673677,5092.707090673677,68061.07685617302,1,2067,235.9793685960003
2,750,14,GNNLXSSA,1,6698.788673065283,6698.788673065283,95716.5088525201,1,2330,498.3671049990003
2,750,14,GNNLXSSA,2,6757.235303711626,6757.235303711626,95658.06222187376,1,2337,498.3671049990003
2,750,14,GNNLXSSA,3,7364.63761942905,7364.63761942905,95050.65990615632,1,2324,498.3671049990003
2,750,14,GNNLXSSA,4,7395.214389851448,7395.214389851448,95020.08313573392,1,2328,498.3671049990003
2,750,14,GNNLXSSA,5,7075.4733178448805,7075.4733178448805,95339.8242077405,1,2329,498.3671049990003
2,750,14,GNNLXSSA,6,6827.129140278164,6827.129140278164,95588.16838530722,1,2328,498.3671049990003
2,750,14,GNNLXSSA,7,7426.050019996808,7426.050019996808,94989.24750558856,1,2321,498.3671049990003
2,750,14,GNNLXSSA,8,6708.335837273611,6708.335837273611,95706.96168831176,1,2326,498.3671049990003
2,750,14,GNNLXSSA,9,7643.999202591993,7643.999202591993,94771.2983229934,1,2326,498.3671049990003
2,750,14,GNNLXSSA,10,7440.845881541813,7440.845881541813,94974.45164404355,1,2322,498.3671049990003
2,750,14,GNNLXSSA,11,7005.920855303106,7005.920855303106,95409.37667028228,1,2327,498.3671049990003
2,750,14,GNNLXSSA,12,7498.181654898683,7498.181654898683,94917.1158706867,1,2339,498.3671049990003
2,750,14,GNNLXSSA,13,6449.068840633161,6449.068840633161,95966.22868495222,1,2327,498.3671049990003
2,750,14,GNNLXSSA,14,7160.595065369809,7160.595065369809,95254.70246021556,1,2320,498.3671049990003
2,750,14,GNNLXSSA,15,7158.107562689605,7158.107562689605,95257.18996289578,1,2333,498.3671049990003
2,750,14,GNNLXSSA,16,6756.852278156628,6756.852278156628,95658.44524742875,1,2327,498.3671049990003
2,750,14,GNNLXSSA,17,7873.013967548002,7873.013967548002,94542.28355803738,1,2330,498.3671049990003
2,750,14,GNNLXSSA,18,7412.851548355131,7412.851548355131,95002.44597723024,1,2321,498.3671049990003
2,750,14,GNNLXSSA,19,7464.812889196866,7464.812889196866,94950.48463638852,1,2329,498.3671049990003
2,750,14,GNNLXSSA,20,7506.79733665724,7506.79733665724,94908.50018892814,1,2316,498.3671049990003
2,750,14,GNNLXSSA,21,7015.624013401786,7015.624013401786,95399.6735121836,1,2323,498.3671049990003
2,750,14,GNNLXSSA,22,6779.956115927926,6779.956115927926,95635.34140965746,1,2331,498.3671049990003
2,750,14,GNNLXSSA,23,7176.422996106659,7176.422996106659,95238.87452947872,1,2325,498.3671049990003
2,750,14,GNNLXSSA,24,7494.885486407933,7494.885486407933,94920.41203917743,1,2323,498.3671049990003
2,750,14,GNNLXSSA,25,7289.002365566106,7289.002365566106,95126.29516001928,1,2316,498.3671049990003
2,750,14,GNNLXSSA,26,7815.841014973135,7815.841014973135,94599.45651061225,1,2320,498.3671049990003
2,750,14,GNNLXSSA,27,7274.490607633401,7274.490607633401,95140.80691795198,1,2324,498.3671049990003
2,750,14,GNNLXSSA,28,7062.281444398002,7062.281444398002,95353.01608118738,1,2317,498.3671049990003
2,750,14,GNNLXSSA,29,6956.059685358094,6956.059685358094,95459.23784022727,1,2336,498.3671049990003
2,750,14,GNNLXSSA,30,6832.428416092618,6832.428416092618,95582.86910949276,1,2335,498.3671049990003
2,1000,18,GNNLXSSA,1,8055.37025862094,8055.37025862094,123621.44084570312,1,2591,853.8337546830003
2,1000,18,GNNLXSSA,2,9043.116180066732,9043.116180066732,122633.69492425732,1,2588,853.8337546830003
2,1000,18,GNNLXSSA,3,8591.85638881875,8591.85638881875,123084.95471550532,1,2580,853.8337546830003
2,1000,18,GNNLXSSA,4,8536.92545337342,8536.92545337342,123139.88565095064,1,2586,853.8337546830003
2,1000,18,GNNLXSSA,5,8854.144564344257,8854.144564344257,122822.6665399798,1,2582,853.8337546830003
2,1000,18,GNNLXSSA,6,8743.070196548884,8743.070196548884,122933.74090777518,1,2585,853.8337546830003
2,1000,18,GNNLXSSA,7,8256.282154176442,8256.282154176442,123420.52895014762,1,2583,853.8337546830003
2,1000,18,GNNLXSSA,8,8339.473639808217,8339.473639808217,123337.33746451583,1,2580,853.8337546830003
2,1000,18,GNNLXSSA,9,8293.191750250626,8293.191750250626,123383.61935407344,1,2580,853.8337546830003
2,1000,18,GNNLXSSA,10,8844.911718877833,8844.911718877833,122831.89938544625,1,2579,853.8337546830003
2,1000,18,GNNLXSSA,11,8193.032481413931,8193.032481413931,123483.77862291012,1,2585,853.8337546830003
2,1000,18,GNNLXSSA,12,8748.238912339715,8748.238912339715,122928.57219198436,1,2575,853.8337546830003
2,1000,18,GNNLXSSA,13,8675.720918036255,8675.720918036255,123001.0901862878,1,2580,853.8337546830003
2,1000,18,GNNLXSSA,14,7964.720383910098,7964.720383910098,123712.09072041397,1,2583,853.8337546830003
2,1000,18,GNNLXSSA,15,8968.578246914883,8968.578246914883,122708.23285740918,1,2601,853.8337546830003
2,1000,18,GNNLXSSA,16,8810.887873528074,8810.887873528074,122865.923230796,1,2575,853.8337546830003
2,1000,18,GNNLXSSA,17,8116.5962678694195,8116.5962678694195,123560.21483645464,1,2578,853.8337546830003
2,1000,18,GNNLXSSA,18,8426.081113335458,8426.081113335458,123250.7299909886,1,2576,853.8337546830003
2,1000,18,GNNLXSSA,19,8112.890183818381,8112.890183818381,123563.92092050568,1,2576,853.8337546830003
2,1000,18,GNNLXSSA,20,9267.7218165471,9267.7218165471,122409.08928777697,1,2573,853.8337546830003
2,1000,18,GNNLXSSA,21,8447.96132974571,8447.96132974571,123228.84977457835,1,2584,853.8337546830003
2,1000,18,GNNLXSSA,22,8013.912902818411,8013.912902818411,123662.89820150564,1,2587,853.8337546830003
2,1000,18,GNNLXSSA,23,8922.314016221397,8922.314016221397,122754.49708810268,1,2583,853.8337546830003
2,1000,18,GNNLXSSA,24,8396.290829872873,8396.290829872873,123280.5202744512,1,2585,853.8337546830003
2,1000,18,GNNLXSSA,25,7666.625885515488,7666.625885515488,124010.18521880858,1,2575,853.8337546830003
2,1000,18,GNNLXSSA,26,8723.381664503599,8723.381664503599,122953.42943982048,1,2582,853.8337546830003
2,1000,18,GNNLXSSA,27,9062.57944191192,9062.57944191192,122614.23166241214,1,2577,853.8337546830003
2,1000,18,GNNLXSSA,28,7653.070241476948,7653.070241476948,124023.74086284712,1,2585,853.8337546830003
2,1000,18,GNNLXSSA,29,7963.207016877932,7963.207016877932,123713.60408744612,1,2575,853.8337546830003
2,1000,18,GNNLXSSA,30,8158.055473308341,8158.055473308341,123518.75563101572,1,2584,853.8337546830003
