Radius,Turbines,Seed,Algorithm,WakeLoss,EnergyProduction,Runtime,RuntimeSingleRun,Evaluations,ObjectiveCalls,SurrogateInferences,SurrogateTrainPasses,Iterations,GateAdmissionRate,Dataset,Coordinates
0,80,1,LXSSA,9.069951807895083e+24,75705.8683572558,31.888160131333333,,6030,6030,0,0,100,0.0,1,-290.4626173059528 -186.0730215456693;1074.5288165447676 -1128.5967072163417;-778.7498420605262 1302.0270447627663;-1606.5435627723139 -998.1934771383673;-1412.425133456154 -1957.3720254597795;477.79784505670244 -848.5321409748038;-2323.4518807507147 -1351.1012655914335;1221.5841878831884 1079.8953444144593;33.22322405161146 1454.5415738147065;-1462.468413653438 -129.70437069646587;-1816.5009129580499 -815.635217625325;-87.10723030065566 717.0008678244474;-2100.974079466804 -34.313711889098336;1212.078153867233 775.3638655589942;1948.334973497951 -624.984318159436;2336.0024176991715 1437.2174765526474;-160.41530363891806 1355.7329896543208;398.8983739948754 -207.74435759500977;-32.58396589449278 972.8956327084478;-210.46091987221655 -522.6072269411691;-994.8346863433384 -2022.9361635610123;-812.631363345949 1622.5547802436745;-1006.3950958841937 -324.15307881705314;507.5725551128514 -1118.5081416774335;523.1023297344027 153.48508382944274;-614.4212670728232 -1946.5528176895778;-1738.9412710007443 1173.8843445681894;-1037.902439406377 368.96740895349416;2551.744986218341 -1098.67463940535;173.70659410474894 733.1903206508774;2443.8802266577477 816.6029275264902;1576.586674203761 182.8201363693791;-1127.0503254823786 -1507.8607637855541;193.0829473992823 -425.13144258104495;2005.1566460697381 1564.5569353291505;-906.4726745815548 -1726.954998712784;2008.5810038426168 1160.41816725179;1122.2722390099807 1350.235806756879;1293.2522552313803 1.9941360305475695;157.97195782706706 -804.0711348858241;310.7190631139464 2027.2393691349064;-2465.353965749205 -466.1715028132605;-2491.5410122647404 -205.09406139784699;-874.7083182790649 1986.8758686868289;-1442.2495298769304 -610.6249337870072;211.5228310996076 1708.0928224497136;-923.4761441901653 -1083.3926014200954;1254.5998270921275 1659.2555964251637;2243.107125116288 -915.2058328248439;-281.69616977485924 521.1888380971775;737.3198597290368 1230.4124782192466;20.303770700369697 -213.8058576451105;-566.867470671822 -582.2216047933794;-705.548152585597 353.47148584235003;-1212.2861626760441 895.5694817772128;-2713.482042557829 1307.3615198580856;-656.5119091481866 -1205.4428040470689;562.8605770519167 1563.360999966534;-1710.2988552942454 849.5310289270567;1611.0892424798326 -576.6951565524016;-2133.14520560297 1416.8471015063026;-572.3406546629475 -1660.8998919543296;608.2027102640444 -69.6492135127791;-1732.1794169135903 2033.2124012891898;1280.931824220649 -596.911992319557;748.2233443495054 -539.7723825250171;-828.1482170858111 -501.42666885360734;-49.79692588521604 200.4524526929097;-379.6877757159616 -861.672383846887;966.007648462106 362.1891649140185;-746.5757669032607 7.473528198199506;-1513.0383865223953 -1359.59674205185;-1133.3589062151484 1385.1108244834058;569.7283956442058 947.3253756695825;587.0818273226946 425.61958865695397;-1177.0908104103598 -1803.8639465859478;1214.2653081968388 282.7168318348761;-296.9875372931097 -1276.2611710157548;931.9393974724359 856.3148538016425;441.34692052471996 646.9532178430889
0,80,2,LXSSA,7.300508159118209e+24,74676.02519689163,31.888160131333333,,6030,6030,0,0,100,0.0,1,-1560.731256417456 -1076.6817468226993;-1409.6349379024844 1326.438887814071;-26.701885846690452 1665.2986574796007;-2077.9785399417688 756.7388560439825;-1436.8902633581586 538.1286624826428;1519.6882733653724 588.2609250684928;-1395.2265827684748 -796.0945531182687;-1905.1173063721528 1364.2882787320202;-670.7084232971796 -102.53422879294189;857.8037665577069 -669.2886552696841;1476.5780748296997 -298.23852794685183;1231.1907819301607 1098.616355873361;211.62752818952924 1529.1587495739705;679.6283841373702 270.1961047383521;113.08104357713005 -1407.25392324075;-2609.47738542654 339.9076971210278;505.3473553117166 1570.5267089491724;708.3658791087793 1334.2168748331815;-800.7143186337948 157.55470365325758;456.98772678085385 1265.2191663470658;1374.042699504434 -1757.142783859511;-2426.020525011538 674.985288655736;-1541.6917154873354 1551.0743744922552;-728.2878607494613 447.32893116524446;899.2463466799447 466.3028471267295;-296.9503972547 -1088.8178513982689;-1119.9139085740437 -886.6507035906537;-1358.4088805501574 -89.84210575861663;-1271.8831963385235 -1365.2071697469005;-210.33155006987553 719.2730707467999;-1272.0831295642402 277.80359590929004;13.150029772538366 869.1702842437212;938.0817749243598 1970.8591688064973;-314.0763957233151 -141.77941468503442;-1157.548942264969 491.1043549819035;-1041.766965717581 1066.4277588259242;1747.0204277120404 305.0945882676381;-897.6063552278587 1351.5065090307799;1630.8968148918063 -3.87468091533195;972.364185747184 1532.9085996426459;2355.3371497195335 -1250.7639492493988;-1495.6065083561339 -1624.4036162333948;1791.470288539592 -300.52794623135696;1340.2782004041362 346.6972158562496;-1282.6160521324575 -521.9667680023739;253.93118768326238 -656.388158364411;-1578.6694932094094 -577.7300901188613;1593.3934922154679 -1461.009296070508;-1424.2619245479193 972.7577930548127;318.21250217285143 1010.7395372236914;-969.2168503785517 -1907.4338233986407;-1019.6198663208233 104.71172543362299;-1014.2800825352351 -1649.8467833282086;804.4238929490251 -1494.3491862060243;1858.0007024034176 -913.3314050870111;1815.0909750821106 1524.372440106066;-972.3951614871452 -1186.8110727306826;-527.7154410903532 317.8680843575692;514.9516473531926 -785.3510692843519;1202.5094085935891 -576.8709570157376;843.4623925562504 776.4905889748597;-314.69186661782726 476.9824960616529;2002.9015000257684 1071.8915946010154;1501.1425885963051 -1071.8456825409205;-1625.858624735203 -283.24548592013537;1642.797443981954 -641.7469583902391;-1526.641981552702 -1959.4828172346215;-1952.1348526123809 309.49168096819346;-2221.8572956288654 1281.1642927790683;-173.84379057368326 2009.8390565311147;1192.8472287313966 -963.8745994195405;-714.8807950708191 -1715.3338633181513;360.3905910235325 769.9780463527107;-88.573669218604 107.00841484744839;-1766.5628953109579 756.4941271423362;-1255.711043644632 -1861.60796786796;-704.2432947083893 -1016.799313247698;284.31582775264945 223.62740196384286;141.80746272883675 1186.9893622461946;1059.2795457199989 -207.75127200569344
0,80,3,LXSSA,8.306227161474252e+24,75342.94410444223,31.888160131333333,,6030,6030,0,0,100,0.0,1,713.6738492953633 682.2512124649674;1455.5144432674276 -1976.7074477514882;1479.581869445584 10.042994049399569;210.48999842804312 663.0988882293334;1389.8422323683055 -1047.5492760386994;224.2323053616307 -1139.0921765833707;-877.5762641509428 1089.7441812182763;-644.3504219572229 -1153.649468934643;1810.2285635027486 -426.3217303149177;521.3089462822506 -909.5207674236432;-511.0673389257301 1278.4877747089665;2216.702098141297 1379.2667710122878;2206.595812498984 -1514.775538031386;574.4480395066164 -1509.6827381773305;-90.37365565843858 -1268.3201103982367;2055.213457612762 17.48776182888664;878.4629597874872 1716.3886957309223;453.35936880682783 149.5887159196147;-1659.8653849305026 -1764.95685690996;153.6107620504405 52.075678010262024;555.832352870283 1979.798666495826;316.6213430042639 971.1224289386984;-181.78197335132842 1314.4280262870411;-1624.3530334137527 118.46464180997462;1641.8961377971718 -1230.628212613651;-1209.0732169047544 -1223.0202849985008;1230.7540184377171 -2010.4231885421214;536.276830042111 1553.340304132832;-140.51064344386543 660.5752442425171;-684.9257431208279 -1405.8292137252206;673.6619374682128 -127.20801574561953;1836.4675689618712 -820.9323382994195;-1923.1338243118335 -1350.0118131469958;1111.508938738897 897.0528362101303;-199.79464960006035 239.65902021796254;785.531844496744 1372.1120575996329;-1977.575515194739 636.3157997389767;813.9556402394436 146.19377925736197;-1695.373815067184 407.3219431714272;2145.9127928242306 -510.4264530746196;-502.84267638863156 -1876.0432525723334;1179.6683764142617 -809.2492019646419;-1105.2822965646753 132.23039846005312;505.660285847432 -510.583541681025;148.61012416501572 -847.1947614596281;-463.00026238988613 1593.8206967055203;-977.475239490751 -1833.7661880736962;287.76059335061433 -1524.1128653679075;-1844.0564722978809 -76.89518098105196;677.6021441162952 -1824.1364860625843;-2248.860705519019 -137.71118972083738;1170.808913301156 311.9543571470009;802.565186136833 -1199.804483826674;-1510.7041453235513 745.8689522747013;-422.9152840560695 -1424.3949724288889;-1539.471223628976 -516.8967041490984;1143.4166806133258 1890.2885595959983;-16.468175310848714 417.413984940253;-1076.535678285609 -880.8630024189922;-869.9652476656207 1438.6776740018865;1989.5049372177818 -1322.6932070330927;145.34839853852458 1328.1144994569115;1055.369076370449 -518.5440773926409;-1291.2561010047302 -822.6427392500045;-628.271081780991 -158.71231640162597;915.1161478526842 -1587.8278021509113;-2539.138117612265 1753.731772175085;58.48030492710292 -1985.5370383302145;-754.1696837092711 1849.66752252002;1628.2852859934128 -624.5580757428486;-727.3234788404735 -813.9316509965963;-507.1505447304755 979.4722368926298;-15.803601095654866 -965.1155196182667;-2043.1089695323417 364.82846934349084;1679.4628686069868 1168.7677671572972;126.72763256375544 1937.0678116194797;-335.69683231457924 -829.6448072846465;-1343.1911427352934 -326.0260161207194;994.8806693218395 458.2227014821178;-873.922751171199 -639.0099623357339
0,80,4,LXSSA,6.808677394625709e+24,75917.74013934084,31.888160131333333,,6030,6030,0,0,100,0.0,1,1450.4500705389091 273.4495304885544;-1458.3928446106127 1339.7767195456875;-1144.0262415289083 676.7379243143604;969.8634643932653 488.50616843842937;-1367.914540444296 -1060.070863529816;1693.8515140745365 1620.0636811745248;-404.38134651679763 -302.88158126047756;-1014.1318260749619 -356.21355781464706;-975.1407659372896 1087.5853575635915;1791.269290953893 591.4096614396332;630.8758444379665 1644.5052705461594;719.4016344449655 725.5881735533258;133.06267336903414 -1641.6209638498822;-1244.4775711319594 1690.4622414065661;-1031.5678222324336 1379.996471397011;-804.2867236465225 1829.856266167013;1019.0552123173056 1938.6656655418137;-1486.2637918258356 -1365.9568833518588;205.18830760109122 757.4595380403217;-1652.6796604403244 -820.4293711862065;-120.63369407651878 1021.6050910478157;1004.2063274251501 -539.1389001608434;-2448.5418014737393 84.6185637527181;1505.9138069805201 -1029.8799061056577;705.2158494242533 -203.9286654338815;-572.8642870304687 -620.1020281352432;-958.9110453940967 -93.36782189735017;-1076.8488798169424 -1187.7236477005026;1098.5719909158715 -223.93313372717736;49.31604973775456 -566.0243105129648;-2096.3788198605657 -642.2632716949136;830.3216938292966 1251.2778033721936;372.20017295326636 -82.65065998929526;-813.9916362963615 491.69491747850407;111.47674252406821 1886.5961292422837;-207.19546985394862 363.173569619218;558.268773490524 -1366.237221974905;-1061.6196836478716 -1441.4859071164578;2301.4761622027086 -1656.3246746077737;229.51027782224352 -1178.4647767367342;-1405.9313238331124 406.79386432937685;-343.002508714847 866.6035188063507;167.4946107404751 1332.048533010819;957.1957882436795 -1573.3129033418265;-2189.683945096319 -427.50889382165633;1917.7651026075107 1316.2882481046868;-2031.941507814484 -1171.3832320565734;1753.976430767137 862.9583810012502;1319.7968616040687 -625.268443944559;-1007.8668341553408 2034.1690781588559;1230.8254223088063 373.7801067603932;329.85969591713155 -567.6348207634142;1649.5903309392704 -407.01425145292575;-346.50904381019535 614.5285178759366;-1180.1787715449975 58.50093399994485;1101.1080584007873 -1214.4954109396042;1651.1276946962723 -740.3437933039655;-229.41208714191768 -69.17807023181345;-1709.5939955724025 -1971.0261965073041;-384.93736395836135 -832.2100901937356;-936.9891897826997 -695.5993631180052;213.6257887443005 -1890.9688017733406;1932.137284487431 132.1550189086311;-2226.1560851130935 -1554.643810100501;661.7758084119042 -578.287025388539;152.42426997175764 190.44794750373512;-532.3440992471856 -1240.5627374040607;984.89982280179 -1984.7898851487525;865.2056502934831 185.84426340547736;-1875.20120936186 -172.62068390470583;-483.7791829703043 -1867.5831326241569;-770.1795159992203 -940.654905572737;1522.8713899316201 1056.6466800473827;-1330.3585529873571 1982.7860595977286;484.1491480568339 -1072.9806293159077;-155.02302460013843 1968.645652286831;85.97062957446772 -122.80452857309834;-2401.262477749203 -198.07602496341005;2186.584606568988 1554.140368057238;-2001.9785081936645 -926.1635980459184
0,80,5,LXSSA,8.797169684476847e+24,75322.48222244275,31.888160131333333,,6030,6030,0,0,100,0.0,1,1535.603140091651 -496.81939089258765;-317.19082332773473 700.4589617140808;392.2028181889334 -1976.2497991241416;-1378.5421487143226 488.42224402335506;-1521.9836225337858 54.376869181631136;-1780.742755058395 1414.9474000525438;-2245.962709496622 1408.7421624257825;312.646772293756 71.2265619843715;1482.8357275443905 -209.91699620369147;-393.58698104396603 -435.56683913681695;470.97197166282064 -386.982805677022;817.8242385421046 -276.7093322215491;650.4235265503783 458.7166383110688;-1572.0802469059543 385.18211436704865;1248.7268122432265 -1266.2795324499223;-33.70109161789855 -304.79464539507535;449.28994635495405 990.8603938412649;1521.1885436853215 98.17321984411201;257.74078821884075 -208.747090303725;-63.59676558871279 1995.4476252604204;1983.0522761651262 1411.7979560970577;-1445.429168398007 950.8440541951361;1486.2778925588295 -747.3870969344382;-522.8651679127508 -815.4658964574357;-2066.1050839833224 1049.737400886405;-1258.237639226864 -379.0052462455606;-2273.119035482286 -230.94331905063186;2112.943292325316 -1661.9410759501618;-1041.74383975567 1160.894671139691;-534.0767869212206 -2024.8359112166772;1108.2200105719821 -513.9441724006356;1775.6108959119126 262.13986258143166;900.6227699601311 1258.6872445586102;-1317.0442267405049 -1104.8062368051035;-1189.1585107039518 215.05057396597365;-760.0059809981269 -1094.9825451535396;-835.4231631131615 945.3723748317859;607.9520776036419 -57.511525924768705;-1473.5587526989466 -1410.8884422961846;-496.6251706670615 -155.72110679301636;1438.410392826842 -1826.5592429192827;67.03632951033478 1488.8615674111031;1106.8450717063172 726.476278421515;1265.8973646896852 -19.52068784540429;-2081.854488548734 648.1594524989216;-771.3476626855247 1411.1549289322147;-156.02089596280177 361.29211892759184;1253.644619798734 -1567.2285678547707;2040.0765305318066 937.6842157682586;-398.27463811948 -1457.309848349346;-2528.34303922907 425.55768940110545;-1525.831399094646 1172.5142333500037;-197.5964511527799 -686.5222245450399;147.41584199229922 1172.9785569125409;-534.8446459908372 1093.5838852566333;-1913.2600093859123 -660.5169802914721;-613.1170515144195 526.190522754813;1234.3745309804538 -2024.3137957601054;1842.5878613866857 -112.89791269156116;422.59925213183203 -908.9997228603561;-1630.5861997318577 -1978.7569535233054;839.7197712935958 -1999.0455289583565;2060.2641816327878 200.80782141762495;-1871.537816820696 -109.1404829745438;1516.702400545242 445.3214003567161;-827.1492017476052 1788.2904368066663;-1783.463402009883 -991.9194401061048;-749.3682551356914 -416.7104392790258;-1941.7040846659197 221.89146197516556;136.86296535893706 288.65618145952766;-808.1822590111216 -82.68826479807893;2113.0065805365507 550.3959037159692;-943.5526559679137 -1319.7410113148771;877.4900918526401 971.6891430543757;-957.815368199603 597.0283256465375;-276.7374276081238 -945.3399342767019;2396.4851601319087 -432.10678857580217;-432.96640144050104 379.3626487039829;-139.27703326779934 1826.8516910352569;-814.234954742477 300.1393246624963
0,80,6,LXSSA,7.645675968533465e+24,74949.27792390122,31.888160131333333,,6030,6030,0,0,100,0.0,1,-628.6296163177519 -970.6979704997282;1893.6710845685093 -902.7130500480631;-1870.5798037650347 1193.4410629774468;1870.4713623235762 904.6247965472952;2167.2893072672055 -1051.7922272970347;1773.0165273364262 -1223.5781837988336;447.5894777218558 895.5285584736021;-1235.4223458334575 -401.6653432861761;-2012.1420566879153 -224.93395160821936;579.813228074468 -66.02921934883514;646.6261143982944 -474.9236341130783;-723.4377949957284 -231.9140398548057;997.9465417722054 -1657.5978112345222;1079.3184465461331 1524.582925557643;699.162689298754 471.31598327072993;879.1796274047356 -100.84346112512137;-1323.480898779191 -713.9238435535406;1751.4548436946343 2035.731677053539;-1765.9229974984348 -387.5923239143418;-1765.3854375845592 1942.3191590316762;522.439656273596 1789.080530651226;261.04795927836005 -685.682263982058;1381.1858420813057 1912.6195434374122;1488.5658639148871 58.760430058675695;-446.0994864376737 -55.5539755904953;1868.6101105343482 80.99062864391686;892.9615256827428 -785.3871799048989;328.6234778326153 60.95803398567223;569.3527268063465 -745.3717696211445;1836.6794692693968 -622.1226009952766;-1549.2529537349678 393.5322657922862;-2076.9512305420044 40.61085435412381;1364.1845320068157 1254.7148184221357;-840.6128952593095 -1611.3277787361994;982.013608684777 -479.0533145165048;-285.80100442732055 -772.5697272492644;-934.1277316347918 629.3934297184478;1652.6355531740423 425.3990938213425;241.992737665291 1381.996272516295;-471.43164074581944 1546.891957551194;-608.2451169519177 948.0948829207676;-1035.1478068882425 -248.95452075384023;-1585.5745003457714 -655.8145647879688;-120.96535121877533 -146.31503981946105;791.0539675620573 186.8862991015926;901.572724544647 -1354.9429701152624;-1713.902710094299 -1955.0001880501602;1341.885707481356 954.6840757852572;-926.9122880783808 1586.8095439138688;507.9074520554777 -1406.6441289845577;-1358.1118740824807 118.12478880421557;1098.490907544979 20.084159817141302;211.12237761965744 -335.70888025920766;-178.81294355256858 1538.2705152275378;-1410.1722115609227 -1566.8680862786503;-1851.7459966031513 -837.7309225365199;1351.538412016259 361.4180351666523;-2389.2923025848163 -840.2634933893486;-1654.3963137116225 786.4918674651068;1222.5775646030677 -798.9650832024919;-6.942829177257175 1725.3547202671639;-149.0759639528691 1953.367007948115;198.3835969639739 800.4293515640973;1198.8949554958178 -1372.215152035507;115.95477133636167 1111.5619543513435;-982.5435110952623 -855.3783689495328;580.9990371960071 1955.6257957129617;1543.2660948016228 775.4529516848246;-995.4198502087149 228.14421551920637;16.077368279368248 191.8948280147037;2526.0040563887005 -301.86153356079643;1546.1301959793677 -299.4445162034779;154.5460228118816 -1661.7410694788002;-1955.6026092684044 -1224.701886854115;-675.4131276607113 1312.5294104557045;1093.9597756713981 1141.5004414817176;1391.9062738795549 -547.0851061473239;434.5179221965417 -1718.633925913024;404.10768658507175 -1154.4249754265759;-625.2280531810475 -1206.2549868311894
0,80,7,LXSSA,6.691294532567218e+24,76555.27265791682,31.888160131333333,,6030,6030,0,0,100,0.0,1,-932.3783022049995 943.9743973179228;-2335.9597818663783 1405.8414187061082;-1626.676837826213 -318.78158276652226;-1944.5151984030053 -29.456692375610324;260.14590672288995 -550.0048735122261;-1612.1492125103368 1805.956411635779;-1287.0229588287827 1874.36195275371;2151.1148004838656 -379.5585675448642;-1521.2232861606985 2039.6277520294705;2455.4624874671954 475.9935755892873;2518.1993549300587 -1719.3686527657014;197.36682433448948 -1007.0567602974005;-1446.9894150253479 -1815.7846684123958;-757.6716235185454 -1503.8923911064617;1635.400587423179 -2.471960965265751;1166.9794990629653 -1456.3803095886553;912.0785410560183 -1010.9597333163133;847.4862406076662 -1512.7857007347925;-2329.1344729072425 1030.1180885489948;-1313.9685528996167 400.99340262708637;-1080.7933126876678 633.630123709989;1198.7690419349365 -1155.6247658142108;1389.949063805535 287.7983259387816;186.61690861108266 1119.7082748008659;-774.7927937140956 -164.0503540551737;-2186.521445707409 1923.2432470484052;1490.5120435358876 -613.3678504536516;-552.1348327657538 -1256.4914425529232;976.250437098741 -340.99341191516925;1747.0561908812049 1507.2045862889506;629.5951626223994 -221.12221306813285;-593.9750668183779 1639.4895675083228;53.318871612444916 -129.09866239413566;-2101.518850877221 1636.2945615239762;-461.6160421969141 -891.8451038903207;1068.2762324825226 1269.1299742908755;-1154.2431909177565 1301.5267306514768;-2692.5231166192493 1707.8145706871464;-566.871365006046 1020.1435366850666;-75.86274806455404 -801.085973291526;1801.2902666537088 -1603.0890438462811;545.2706414087852 -1645.4801907903563;-256.0480746740827 -1971.6710205591548;1181.0257670832266 500.67426723986546;-567.6947578000761 176.28752666062883;-1590.8223283031712 504.7995377664325;-969.4621633887115 1452.7820344978752;-439.2075241752579 1397.8929888025184;1832.0111687007436 -627.9541615445518;2440.285233083635 -280.6094839771693;27.716075466519275 1782.8857006594785;-1049.6750715753853 -717.4315095962035;-790.4341049176347 1214.6751115273435;930.7190720733905 616.6133984276373;512.4451563756778 1120.469464876203;-1057.3126479366254 1759.8003823117108;1474.1315933800374 1692.074089298192;-1912.5630779126466 1178.7859947608592;2101.7351514833545 -1529.5806383909494;2214.894781046307 1322.0850240589334;273.84899860187437 -1950.052813121814;-2247.9500221502685 -970.8819007365413;1985.729625639027 -1179.1703770626764;200.0367765847197 1947.6212669026559;219.63365665401608 -1401.1953431561428;-2612.2098201228123 1059.8081733745157;-12.610621755833808 -2018.1872444520916;1319.6238640039905 -1711.2680310891649;-381.1387326133462 1886.0842830023241;-1111.0719150153618 -140.97658111065942;-54.88200686471607 1484.4988130271358;1610.083660516649 1963.6304809415108;801.0825495998158 -703.2279492883614;-1574.4777228917696 1428.9432509417325;881.8036971789126 -2041.082907138263;1768.1083460494701 883.9652872798305;-190.78038285917063 -266.5926110953591;-665.6224433905603 -503.972069723428;1138.204595089206 -1914.9133983518748;1539.5832967227907 -1052.8450594902547
0,80,8,LXSSA,7.587133150565096e+24,75660.04610915756,31.888160131333333,,6030,6030,0,0,100,0.0,1,1340.2801703219716 -1120.9014607458025;1575.8588376181995 1213.7453322712697;149.0660409103725 138.1865037732838;2506.47993836868 -756.11383823854;1706.6780584015999 548.7782478803466;-30.651026495019547 580.951513047757;-583.6119397486542 -1741.1991515082507;1853.470514407145 -576.4322373642929;-1599.4283246177895 65.50472642832032;738.6837734701552 1165.2971933414995;2042.7036044547606 -1420.5441244010153;762.7840082744146 -1600.010256632513;-55.261223525684485 -168.67501129740694;423.84743715462173 -1640.1271126573433;-1131.5256503447683 -816.7189600384113;-1416.94400995362 684.6208059976419;2219.3794469134614 -1073.2260386575242;931.6055990253517 864.1977103315141;1939.6477401361221 434.6733792965156;555.8848968916033 308.37883182834236;-1156.78033652687 580.2027590810354;-466.0656221803853 1698.7656991179724;-1180.2108261207054 1987.3982189095022;-443.92834295078904 1129.3557643007377;398.67934860827245 535.3930661240336;-501.94897991573 -1481.823740524507;1375.2716457420518 591.7947383489125;-135.92791881474432 -1413.1261384815323;-903.9108928342049 1788.2423963311383;1087.7093146662771 -1950.2301071801796;-1942.2142669631323 -969.3258832076474;-1385.1133478778647 250.05665468800083;-189.19710134582328 1074.5439547497465;-1555.6791600927709 -1588.8446827637608;1144.9095614525907 580.8062948938515;118.42358541296325 1168.310552546375;969.8616581795567 -1313.0631710854357;1466.248644296492 -594.2179595813856;1357.2545287941323 -1673.9756998658174;2230.136867096627 -162.25828726293614;519.1630773745053 -1325.9817238296907;-1570.9312072126136 -1914.947486239822;-803.8318152297311 830.2422219929027;-1876.2669212955423 1318.4894896267103;-1839.804614683496 -1772.8513383901336;-1218.7908200637967 1657.6089300921365;-1280.0752510315244 964.5397270654041;-795.232726139181 -895.341212775272;-885.1359709320647 -37.709036220827045;-1621.2508937101063 1928.9694767021958;195.41761328591807 -1539.693924808308;95.4839028884374 -489.05978137620116;-450.28768098177306 778.8584152145537;-1763.648782532343 -1358.869425318802;986.5990881989054 -1045.0616055993708;181.46487376228143 -1251.2526072860717;-883.1079146852798 -476.91535240812715;-732.626417095096 485.9603224900803;-182.46265547402555 -668.9866988056016;1666.725676987872 -1983.814911343715;-66.42875555474535 1685.1270998049804;-1909.270530962111 821.0067338660241;-780.3250027624224 1053.9888734040203;-933.5960645385437 1281.4003224651854;1349.731211789792 -2003.7937122023902;1778.4941444129815 -125.34688442688108;-1219.0300795110347 -1640.6849285335188;-1602.8534449543963 -864.5610917938021;-2173.565882067182 1053.6222089906516;2172.186630297492 797.5513614985236;-1394.1654339911481 1933.0645770052672;-269.7245493448721 150.9441932898132;1270.0564023856823 1797.2948098629397;-2268.0887252654857 1957.6985546527744;-1250.378989625305 -159.58790578671685;-47.912597630001024 -1069.3835987807495;1966.7234874784226 2004.7681918950123;-39.736420108030096 -1881.2871135550008;-2137.115060535368 1687.120694547438;-1356.2978979878635 1397.8977548687749
0,80,9,LXSSA,7.406050128669246e+24,74816.51359763867,31.888160131333333,,6030,6030,0,0,100,0.0,1,157.75032177419737 -1976.1104010677725;-457.92066573295017 1970.3314611309108;223.04739485244704 -618.5194119791687;-989.0372586790854 690.2474988372558;1699.898924600024 -1972.619747620852;919.5497817087808 886.4214142530852;1330.5084139617916 604.4126557286992;2114.139129267044 -1953.8041772066135;-664.3629852728194 597.1199272851403;728.3160418806864 116.69617513433022;1165.9817410424887 397.52634636572884;-345.649704473677 273.67845104819713;-1334.7483877145098 -735.865853454095;-920.1450532763005 160.8633587484941;1918.0884052436443 -1560.82923757231;-2129.0592255844253 -805.459917287397;-368.53042361646595 -171.4515540976113;1647.3686511376898 801.6549015389584;891.0423293567457 1984.3839047038527;-1514.549483038268 856.5481204916673;798.2255081429113 -842.4929965822123;-779.1290924764895 -144.9574808410546;1207.6865345255762 115.30903904492435;-316.8254866732085 618.5725292654676;1933.2825156145207 238.9863786465099;-970.9393748802235 -866.6735563292685;1399.293864172965 1623.5853446795998;-1415.441949204357 -1263.5729153337454;-711.648534938183 1572.188044580846;2086.295703622002 509.0170478869465;2125.238850644338 -1304.003840172756;-601.7495125709203 -355.37347702943225;500.4996198280068 -1806.4734801771556;-2357.527318583542 -1458.581979128036;-496.93459138005215 -1297.0386128376163;1781.9755420705767 -199.91666125099047;1169.5512277563037 -1329.2288075053443;-1804.7311971882255 -679.17676105897;1303.7490672279255 -392.74367585170484;2604.7909249364748 -989.7186159967345;141.2230432155109 -108.44834009478984;293.97902949208105 1924.027423723523;-338.113992255261 -888.6851106144535;-1411.5168661008681 257.02514898562106;-166.58853960513864 -436.8523631838376;1611.491126913004 49.360866232415695;625.2379636758722 1413.5402056407108;1898.46778205249 -1111.089178172195;-22.617233485440778 815.3885727675258;237.52495843491855 -865.6104558545187;-1503.6170026012285 1474.845764855134;-1324.743140168001 1134.6014804788028;119.51448107766149 1675.789716104423;915.9228303869231 430.4484658656172;838.9562812526601 1249.9609895246665;397.2937229874087 38.914474187187736;1406.8740209984794 298.7684090989922;1018.2584207950513 -594.33380350074;67.13033121738894 -365.45171642843894;-638.1628382668441 -626.9983700677141;1023.188802587032 1778.176785663563;1981.3473758283683 -612.2627644403614;1325.1289001586513 1232.4940118394447;-1245.525179831763 1.1938244050219307;-525.3261178443427 -1718.5747923683207;-2244.8719216937425 1705.115965507184;-74.17399264845083 397.0892830054219;439.7767374383344 -408.5250593897445;1708.883769446641 1112.3801218341503;-519.6329043567539 919.6787435152495;2362.518802630525 1837.6477584298966;111.36929137030167 -1145.215165836735;1386.5818225458763 -139.45434082402235;730.4201646422412 -214.71554094807078;989.7902486659524 124.05764790995008;-1254.8365776416128 621.6935429201326;-330.9331233841251 1154.776479036394;637.1109887852198 -1328.7947076775943;1055.0396740324427 -1820.883065964806;195.35115387154346 1020.4396555155204
0,80,10,LXSSA,1.1201473459200992e+25,74722.51191931959,31.888160131333333,,6030,6030,0,0,100,0.0,1,61.43673572076326 222.90929086463424;622.026733229807 -693.8574494616901;391.61989315253936 553.0922561449333;-513.2625906446665 -1173.697044165382;-1013.1258641905575 1789.9447994742336;932.9899611788644 -131.48672355046466;-0.6568829234189187 -789.5731845404666;99.09784955869084 868.2907120640157;1102.716635221531 974.4718818168459;-460.2464402197039 1371.5484883889712;-529.0990154912627 462.67518915656393;1394.63106540942 -245.95633847961292;-799.9233060061678 -174.27821893225828;-1694.0278892253725 1239.7213358813162;-1871.698514382265 -540.150809684575;1118.064242141053 1711.9339499102218;-1292.537358783839 -1206.3193372551275;-813.7608181290519 -1276.8889457404684;-209.0944382805316 628.7320501950422;-642.8521415591501 703.7107754773116;61.34548131909572 556.4745741119299;-1764.3078651911394 -1941.1235853483656;718.9970395407657 -312.85714811478266;-713.9950512296596 -1666.830854659962;982.8074148888395 -1152.8103501507594;-11.036719112399265 -54.4510074399484;-931.0435260481783 1554.3012956618034;1709.2817851153827 1354.2545574630585;-2040.3704595641823 2043.7674476907673;970.3674295653237 374.0203596592744;182.44420058804383 -339.8637539714497;-399.85305787325757 -1576.430804179648;1222.2935556268649 -1304.8384013013633;-1042.2003331856379 1396.743856599448;1483.113658615052 1150.4683835972169;2073.349688204566 2002.672380620785;433.1885672551846 1055.129077751996;619.5966990329362 126.44815653790668;978.384355050622 1378.8285316121887;-1297.9381295505148 -641.7020776583159;-418.9908854947228 212.50899521058528;-86.97883195464478 -1803.5532254285686;-142.5809412376315 271.6798460866794;-515.4455538398298 -853.3150809655506;-1122.1005777927858 -1964.742993844553;-611.6172461910497 1029.1271026138775;1177.4128795508996 27.69606043413122;566.2394382414769 777.2587702515334;-2361.3763414634154 -1240.8778227949012;1496.1944896146847 54.69426041608793;2003.9825910343907 -696.7797992860867;-1129.7376508938264 -123.36908200699746;2082.817125488862 -1918.4235642662227;-2129.292486007808 -1734.4936688860766;-1112.4565680918254 971.8823063671603;507.1189103527486 -1399.8397545118326;600.5711834794063 450.1193543372862;-1670.2423638700968 -902.0801227064671;591.3322290375312 1845.0571737348773;-1368.5301437019941 1291.6675451605915;-491.97415467430585 -219.075850154127;-631.3800647507759 158.60714068926399;1462.8969725484399 -1945.7277308034772;-874.8651667154834 -569.2376679782474;1008.4481652212194 2005.282428122465;636.552841240263 1195.1728898609283;-633.5013958384636 1753.8585759895493;-965.106929732624 -822.2080809911143;-1484.4578909210043 -1961.5906815416524;1956.4602391774602 1406.2907214364973;-2579.4409867679315 225.69049472833018;-1544.4943682057908 304.29699478109364;293.46766389878263 274.9306585246205;1022.5628717062042 -850.986065420476;-1527.1893589773372 -48.23502638718373;81.26178105443263 -1478.5079524240246;-1333.071663376337 -894.2837378231178;-266.8837179095043 910.3802896308338;2598.961273253022 -913.4908878658157;-537.8997684115942 -500.904107723557
0,80,11,LXSSA,1.0485250488465297e+25,76551.44735114562,31.888160131333333,,6030,6030,0,0,100,0.0,1,805.560682233389 -1993.2720913345302;259.139985110291 -468.3784090804484;-2140.489989856556 1246.9416962119105;708.6274062726495 2049.2948752967477;761.5026859804595 -1482.7258977634226;-1522.7374911050401 580.8003758848507;-564.7038563259232 -1079.782322307375;-1098.4472819137802 -1870.2416398672106;304.5757798072194 -1478.2718813370886;-1573.539221655931 -1852.8496154801553;1424.1701876404647 -667.5529326511909;-940.9875945396296 859.5453081817982;-213.49488177258664 1586.8443459394243;233.03162992104933 1756.5765748438364;549.5357544054323 -218.25251204428037;2118.07447338136 -523.4970762808605;2255.6929019026106 -265.3672432308965;-2321.5507271249426 1952.6849159656858;96.57933328888201 228.7763039916265;1080.3288110376552 5.681381881813789;1577.7342022623695 267.57641823592564;-2318.9194178643147 -2048.6083200117064;-86.8587173130681 -139.42687182310243;-1025.4137551340023 -41.015580536869436;-996.3403473122269 1213.5715238502949;1991.3130711622684 427.43706092658493;-473.8193956017318 -810.4480355013643;792.5444933102755 -771.3128737320002;1079.8722643564793 1050.082986923741;953.1878476116908 -275.4591604678536;-1585.822688107572 126.13393169665912;1292.0165897763509 -943.1890883424139;-445.426323762934 967.0032617142191;-1908.8500857409986 1479.3529535513833;-859.3005065416659 -1077.9994653103815;-224.71810140189888 709.1886317743663;-2270.065544711457 -338.7617736912561;-1166.5396467721764 1879.3183567939268;1244.9148737980097 1608.5263480823926;-1637.3250970126767 -558.3069661860986;659.661564381207 1336.5106572361494;-830.2878491336126 1488.8640198335154;326.4887798142136 1522.6807451918326;-1073.6709523378686 -1285.9189573619474;1606.2697538284901 558.9211078437338;-7.297288594965962 -1139.9364029138003;-1077.4619683721687 -421.0131294810749;1110.8945778580028 -1948.084760082622;-617.1996527241463 -1836.4952580524828;1041.9739622328684 2032.4911927813464;1448.1143405233947 -1566.650590104358;-921.2577394287543 -736.6021864942483;748.025946689269 -1136.0783957215542;1377.5337268169656 -1800.7812745097197;-186.84544545802757 -863.9177647778921;2037.1903093129968 -159.25096295028192;-1801.2316988609905 1053.4183624150369;-1326.4566028862123 1157.8528014925835;938.8426446248935 1548.5450940933843;2635.980217158211 -1408.3093142341927;-1510.8855961244944 -962.1869535100835;-1527.1952495962296 1312.4132489833833;182.7388410903548 825.6510391492473;517.3528233754004 261.75868233665693;-1366.0706469000493 2004.6466862661655;-1234.133089566655 219.99771257371484;-1350.3485420273164 -1408.8140026928766;2206.6749438044058 -815.6834218074995;1296.233622617872 446.94623906706016;-583.7506603963756 1589.3975980824844;-200.67043922269045 -1509.9271097731394;1397.025512160949 -2036.4504494067946;-1245.496221774612 1562.3795678285255;-2626.8070746028584 1703.3169163771183;1752.042558274342 -1234.9599608682015;-52.85141740345237 1817.945605249879;1676.5322542559213 1548.2996085025834;532.8638822732877 -1284.9340123974455;1751.4266171786012 110.9339428994206;1132.0863240188041 1331.5415332023165
0,80,12,LXSSA,7.185263218945553e+24,75872.658133154,31.888160131333333,,6030,6030,0,0,100,0.0,1,-1429.4800786109795 48.80546041932415;411.67396292333075 -1326.8982052277831;291.20062400661465 -1026.636202831544;1836.7116388919683 -2005.1195358878197;-697.42193905816 1405.8841311008755;1785.1765716247564 704.1864920237025;-705.1142590972318 -784.0145600935305;-130.73473613044544 757.5701060016352;1695.0263315664713 -509.5921255647386;-101.10656465175465 1614.0094507126316;-1547.443688816745 -953.1954278618826;114.38630613660727 475.39103204667805;377.14574714486923 246.64290580801128;-2092.2598637751917 235.018523990425;101.59083740028974 -1078.5200952778102;2145.1478498294323 792.9760959285792;1045.017568703847 1965.6428945857754;2162.119772430725 -1963.5579845804111;1662.38675862761 -71.12105286599066;-200.2471765629074 -106.05033619826327;2143.3897973416842 1281.409229835353;1463.677809717821 843.1033497893404;-1922.795468224104 1682.538350572174;-941.9378869539225 623.8486326030308;659.6507213902227 1363.5722769208685;-284.94675526247283 -417.0029853710603;-1263.4334165176986 870.5848724477569;-1239.0348265124037 -1285.2653713226343;1137.545530827258 494.880757617054;2140.1945485431083 1960.5878834644059;639.9503867778468 939.9757527997399;-1224.4568272365532 -602.9751721345186;1974.0155085928172 -620.0857599838191;231.45739517721714 1645.0145493367536;-1767.5487487802527 66.42260649719528;942.3073822824904 -1217.6811771172738;725.821892464268 532.9942838683368;-1791.4973290279338 845.4983191361256;1273.1636776308883 -922.9700334357556;1877.7673959650267 -1424.1425954218553;123.37865161095576 2003.3286981527033;-71.83072949941618 -1455.1764214483335;-217.92825091104623 337.9518795926274;975.3102238832347 -1953.5147382200573;-510.77400497695436 186.51559421073006;1921.2358034822832 1692.077988961711;-1111.6719813526556 1354.0845136902253;-807.3751212601501 75.13860635178423;161.74397787169653 -657.5904989179356;-208.3273205500547 -682.6465495204773;72.29093949387575 -249.35860920616815;-954.0571948342991 -855.7025880827964;-675.0953541699769 -412.0172225651109;2120.790573781517 288.58996152434145;-1258.668487324666 -1821.150664985097;-797.4695941219322 366.00676955632;1332.9517257015345 1992.7770414947558;-214.5965018077253 1058.9142492391402;-2035.4737376507426 -1928.056743494762;438.50768058859603 747.3932712982878;2383.678780177767 -1088.7653327696646;-108.63973146534498 -1897.0078784173363;-1857.1849165704823 -1706.7645077093005;1831.1962746275553 1026.6221052930568;-421.4376574732335 -939.0194106050787;-909.3053877552704 1961.4822037702993;586.6972316445764 -1722.5515099379772;512.2663589679054 1591.2091207862015;1928.779390200558 -1730.9539150473756;-2253.14386453306 -1884.644430685841;1264.9951894623684 1579.0117375393934;927.3428195080901 1264.7688191428551;-1116.0869222479032 -45.530007276714755;-1558.220147855947 -204.17159947288403;116.69460651878826 1268.749102652999;1112.5655187472798 -615.3576560825106;-838.4652486055184 -192.14089173877724;1873.4879226836115 40.31800070285584;-1535.7306837686426 -1332.1562349912563;1354.0131490250412 -616.8288947099134
0,80,13,LXSSA,1.0766202958457044e+25,73910.1681117464,31.888160131333333,,6030,6030,0,0,100,0.0,1,913.3356370248634 30.72168721842515;498.1141015252579 158.07366359760894;-550.5544786292614 -2019.0695872522028;628.0900694919775 -554.9086397241837;-2250.193498688226 -1041.2435145674979;116.04541604996275 -488.2623829927369;-1905.0989687994024 473.5719666379352;-720.3309597046597 439.8545402466207;-877.2272261487719 -2004.3855337153407;1377.402707751951 314.1314886888691;1633.0500078382365 985.9038800498735;-1186.3785856884463 1526.9391368682955;537.9790642615843 -180.11579212329966;94.40913593974977 594.8891695951838;-1898.3976782254388 1652.39867907265;-32.434913857490876 -201.40929086247274;-1843.3598325740518 -1734.9166174657034;-163.20297176908593 -1980.7347978576565;-799.7948871286012 -575.8111447642177;-2267.6746556960047 -188.91685337205854;1581.4936658777713 1339.066526085543;-20.716960201891084 -1213.5573735137546;196.24354688604788 67.52473445604929;505.67479343576184 -1976.27765783827;-1316.5120283744848 -602.3913981539882;-230.21819172643478 -1401.9752968760065;1174.528916632875 -488.4002865843097;2024.2651153717527 1226.748569889438;2125.001657071149 -698.1304545295799;273.92714776457285 -213.16323803565976;-1705.4689471263694 -87.1293385781571;-31.745131317054074 -1768.5693552041048;538.468225307241 685.1942155823764;-241.44564760486853 114.44815154484924;458.20809831290507 1319.9135229720227;-1684.8767727993456 -1960.944211093909;-1759.2119099133288 -721.9773278840231;129.23228186954069 1023.2198452766035;-248.63489182386272 1610.3717103648924;-1512.8886439505507 478.9129700650327;-15.003358861192082 -888.5750002806345;-104.79479666829106 329.93196547009984;-2121.946888713121 202.65345719096214;1441.2923956559139 1679.1765196191343;1289.7071488915815 797.5571587686487;-991.9487329971922 -389.09814774634265;-929.3991850573112 1000.5923313198167;782.7391247787983 -286.41275940651747;423.2529247755306 963.6925716619326;260.6009010593622 1648.0161865880327;-577.1475270761871 -680.5438676529081;-967.4200197565536 1322.9833974731305;895.9723875952745 343.8609615868767;1509.6293014998187 -739.1272508368551;655.7264112659366 1653.783753216148;-956.5474814178785 718.42047771175;-650.6530754387496 1972.652732686012;1907.7281010160357 664.6945963153695;1446.322051168664 591.2986672734801;1015.4677037918053 670.6477320533862;350.31267385615945 447.4303424863179;-2059.4230053983356 731.5028471717948;1344.1082324132994 -1552.4791117236862;-1577.351140085708 1950.633884673177;-994.8698838867281 177.11734078604587;840.2966786701303 -750.6177291758636;1098.7201279390097 1222.3015565911378;-268.74464895620724 -521.0496397409781;-893.9267864387288 1660.8615769732342;-715.0938695458644 1110.598642946368;341.83269759474695 -380.0178074662497;-353.2523465296015 -1068.964414100295;-1409.2514795146362 1348.3746148825887;166.20519839039645 1453.7438826100654;236.47068615583788 -775.3874913715282;-537.7868000181525 289.4954874658079;895.2820120281701 -1251.3761659269182;1800.1491847715863 -337.22839726846115;-1262.201610952045 -167.33565293935047;-1126.5421851772987 533.106956922801
0,80,14,LXSSA,4.96499888266888e+24,76183.19321473337,31.888160131333333,,6030,6030,0,0,100,0.0,1,-101.21572796140605 1743.608591809964;706.7511452777233 158.77124320771958;999.4715730068107 -179.73378406935942;-891.3669179339809 -1226.2729837936088;-284.2630479765151 1054.6448263147843;1468.6018233127925 600.7028626014156;91.79446241424557 1082.9163268391294;-1215.2121087535327 -364.90413066489697;-208.5950489510613 -437.64296975758293;-532.6773209076399 -169.09621743576605;1552.9443058173122 -1960.5895631590242;904.9269027228221 1186.1425574720733;396.03140302141776 -807.5778573787442;2219.7815241463286 -1799.4535965388825;-1291.8484145837283 17.04729073919399;-580.5679786881825 553.1435077900409;308.67560238933305 -103.43329521555975;360.89300926254083 1471.777915555601;-762.8500742026689 -1593.7828322280534;905.0035865225158 -654.9596344034882;-1545.3078787955953 -790.6478511585609;1704.0287658031564 -976.0502548747013;1380.1625260288977 1228.5475885141009;1619.5841702292275 1372.6625932369527;1892.1766542201847 -477.8719212730072;-303.460690887239 286.0595918875577;738.3360454887443 -236.3124086238887;1088.0519487149797 -925.3547568542078;-1253.0522355390904 -1326.351811072497;2592.262023446703 -1803.8588889444165;-1710.3703400734905 519.6915397896182;1811.9660042398584 786.2586698144318;408.0266566593749 259.53809728496975;-881.8943469344586 451.81661949575084;-819.7030721348066 -242.85308598020205;535.5319642975651 -344.44449526743074;-2531.545335492008 1859.9562572740847;823.9052989271376 1817.7534659833636;1833.923492113994 414.57216174944756;2525.7301005404142 -466.14664552791095;-1465.0411433272327 1000.9542336181211;-284.66114598956545 1481.1867618453573;-865.5043819057626 1525.6514725409975;1057.1772001741192 1942.5180720042015;569.3153092929904 1943.410891020337;-1798.726626521946 1121.7867701059968;-2396.5311505311647 -1112.9853004393947;-612.0216603685021 -1151.247086654555;158.49301595030525 70.07079116081776;266.84437469597464 760.7785640959255;-1387.3949860897098 332.4069490116255;1120.4058445924065 -1200.715159232248;-1566.6712805021664 -469.0747607242116;-1347.690661240002 608.1085705801928;-1027.6946470381233 -1811.46287843337;953.7299124507214 249.177834588813;-940.1219597367211 1199.7561878057388;-1634.2353932032736 -174.26559843308536;-2276.4679598972393 -1926.0976290769977;187.16688721486562 -1961.771479740402;2017.1045510002455 -1204.3584264195874;-539.8169664458635 -562.8783696872342;1839.7990228304911 -1496.4945487493208;-740.9065527098207 147.63887532125543;-2029.2906996268043 -1039.8043536529722;1433.160854254787 -1394.4638768862412;-1379.025173192143 -1902.0653328727215;-660.7166739289094 1155.205532275738;-1000.1452297757602 78.70619338039336;-2558.390182249131 1562.294187031777;-501.73554589871674 -1723.8477704197176;-889.4224480294168 766.9360771393787;-1546.955160108534 1819.2801670870117;1308.580177159291 1531.9687237806859;1151.5538590694332 -1953.9182759884652;164.6124416191457 1693.7928327076304;-1753.1654613760709 -1794.7399289847308;1712.788050653607 1658.2395662781619;1913.442972561039 -825.3874256969527;-757.1133594000199 1990.1532143766879
0,80,15,LXSSA,9.259121219300903e+24,76443.32242589013,31.888160131333333,,6030,6030,0,0,100,0.0,1,1261.4457031355782 -1228.0792667980052;-620.7239615289999 -430.73069106663365;-1201.0749715035333 -1846.2191687469353;-705.8590636107918 -1458.8323772007493;-1673.2547362026557 -1198.9035647448743;-1969.8837224248869 -612.3630664856149;-221.26947736933934 1290.292035919232;66.28958208667201 -366.81835912773323;173.18320411748613 389.41654384772187;-1418.9710031243037 -167.5279114177153;1164.6166096402455 1928.727719542365;-227.64367846415752 1685.238231533499;-856.4736310718849 1317.250865711455;-1820.7151100195797 -2019.3202419290283;828.4576365037327 641.5632116403683;2347.731992625335 1702.4952213858696;-1100.295983976702 1865.3224063005575;1971.5636410685297 1563.6587121364817;364.5764124693886 -458.13101987483395;1649.500031941068 316.6460613954946;1197.3619562577726 626.9559925663972;-2506.3321328491493 1006.5714800523842;-1858.874857365197 1264.4474683651233;-1822.4005725446973 1654.4690740067442;-1277.1418740162962 1526.6089649896676;644.3200974334245 287.16382936491794;-1841.0912430457615 -1756.0668277651878;-2156.329503139382 -1935.3159322960735;-1134.1331840564453 62.54379241381613;2626.9815392663736 -1541.118108768362;-446.1273082647115 -1907.5186937886588;-1957.3878087932014 1854.9484564484962;2057.9471058422223 867.6466502465768;-2346.9606844343525 -160.06313456950232;619.9061988240796 1005.492337609383;-1615.2217195935962 1449.562116467701;-1810.3473545604024 -1477.1118781931382;-217.26080384486815 1033.0231217323953;-1789.4775068718097 -144.5599700587978;-1113.4593447842824 370.28289521491416;1107.616387894039 -1837.3212858417787;-778.8954391922131 -1752.2566234985966;-1471.700728565596 1163.556010560491;-812.5869428366667 -224.03503247645696;-2300.210362296765 358.3786187673506;2426.8419932759925 -509.6309555951065;1509.504545398744 2007.5196960426997;1736.2976189358199 1854.8923581128288;-401.1928158766692 120.48930779757016;1185.286026483093 1438.6548982097797;2151.213724628463 -1661.4900117640307;1617.345249309091 625.8958490330791;-718.0922646732796 -2040.9295479992547;2194.8512418929117 1328.0660563973513;-1713.8887259517649 341.79549665255934;549.5259462202986 -1404.9272361420415;-1012.5265263200747 1487.6963451680344;-2083.644880513647 2022.1464269136297;817.7741675432552 -1975.1708806834263;942.7616639732908 -694.7291889744527;-89.2220189657093 -97.79653787530393;62.96087748037539 934.0419410538924;-718.0013354140838 1904.8234365800702;-2139.717672919563 1686.9129434021238;141.9311803227186 1820.1358222516533;108.40142503975198 -1922.4203059302547;377.9789198325585 1373.9756702961515;1371.1089729764371 -1720.278464067036;1622.0220041246491 -629.9963303788466;927.6813868692118 1491.8698659479226;442.10834062333225 -164.25291630956534;-1511.506018681307 -1886.5897256262726;-42.979632269932495 -774.3737266059662;-1441.2804843697777 206.5647817000428;1509.7600133953752 1466.1054741583803;-810.2271915403663 -713.6185760194431;316.44224571257905 2048.0965720030067;-271.750076368799 533.6549355736765;545.6187677434282 -924.0418501867989;-1987.2486192072 -925.5912934590779
0,80,16,LXSSA,1.1332698863430306e+25,74521.72242917889,31.888160131333333,,6030,6030,0,0,100,0.0,1,-161.52765946875925 152.94010079379183;-820.1767612043634 1994.8490874427243;-911.8345459656533 -888.5917656721836;322.73007310492045 -1118.7698309652458;-898.7623551453647 -132.68600893736422;423.533306286032 922.8743461434061;412.0827262845864 1222.747006986578;500.68355362765624 -14.146210054469186;1416.283193842074 -923.2353314786595;-2013.000096016494 871.6817928286825;-728.9451094029556 1468.6937620404965;-1042.738821754194 103.951355950273;68.4641785809989 -1849.0411164859743;1569.5442514828649 1734.8396033591187;94.28041039482741 2048.513522433679;331.03640909491025 -1393.690900234582;-2008.0120234484323 1609.871999136671;1151.8338951189394 413.00751018332926;-1144.7190326244588 1600.2688487229022;722.8944382072883 815.031067786107;-682.301235227976 136.55421358148948;243.76374086751304 -417.94926326657986;1405.4025566177133 -1517.0368057844792;1191.1873101833808 -615.1213908128003;-2090.8874593088767 -576.2923389570651;290.3542450302788 628.5254473335746;-1196.806595006212 -32.43209625686242;1363.3084529725238 1.0543678030865415;1680.7753502045389 379.1111909075464;-2040.9039881161389 476.97013400496786;-678.907730317597 1775.011442707217;-1067.7764585985365 1846.0572613073523;-759.2225852880129 1085.428586464533;-1264.943795826774 -1057.671428400631;-432.40918572319015 322.1604368354428;-1610.8215396220985 -905.8839432009022;2008.1137344074134 -1251.4202508168912;-1009.8869736802295 464.87845057120046;940.3708581356849 634.3084247279778;737.3901980760755 -1352.3938898115703;1622.9312090874141 -1323.054110150054;975.1270740186866 1147.024340504794;-1548.098788186903 620.9499514467591;-1822.8024479775297 1241.8339692082986;-522.1614764807033 -1951.0393127899915;714.0120458782125 -866.7407075808845;523.5304264730115 -1176.1784032764049;325.50015722280875 1832.7294683385971;-1938.3477852599106 -1837.609282750145;1666.0477404223566 -626.1693586325608;-1925.4119537412153 -481.846010065794;-345.8229761156314 1496.8191871133524;-1469.545068436955 834.788773141951;1924.432505181277 -914.0874135571106;-1559.548038104804 69.30434828469441;58.57883665873907 536.9413402208935;-704.5470125308949 738.5151895912326;371.6691514812957 -1872.6894398853703;1886.1089195007949 -200.57685878666808;839.9179369166715 329.9241830920931;704.0371682778829 1133.5156162119315;1927.5013614760303 1811.304175313816;400.70756747440646 300.42994032958944;1936.1137902823855 1045.798719287871;91.32623092113002 835.8913967039075;329.7273458414917 1539.7088311006403;655.3779224198136 -1937.0644191109502;887.7884053719894 1499.7568366291591;2358.729239272324 -688.4985902146198;-174.01488368472172 480.1558906192742;-1230.567447975926 1195.9686902325845;-192.9972000044644 1974.4825903311041;821.0944711034925 -621.7111035210843;-2401.4061764084 -396.0591687077909;-2705.399255706899 1282.9541306061346;1999.756096784693 -1543.5244816177803;853.4074710329336 -256.33935322442784;974.4952039353615 -876.4169050474557;1034.407226471135 -1294.9034044000746;1866.7498707677375 55.10685975727943
0,80,17,LXSSA,1.4608980708849257e+25,75177.47045727409,31.888160131333333,,6030,6030,0,0,100,0.0,1,-1055.616854329272 -253.5533785993094;-1590.420211314859 -1315.451200055188;2094.1981349043417 323.7500749839628;690.6622993627102 -1568.1139658033994;-282.87808553162876 -664.0441479117882;-2208.776468956417 -713.1974894706884;1487.319763002391 -821.2162651278386;-1858.2696556578317 -106.78985385677501;1430.4217642343142 1254.7923078741896;20.292241922036915 -1317.5172940676184;-523.0902887139721 -547.4881724699466;1996.8700670113867 -1211.57248498404;340.6298851606572 -989.2898562282556;-1951.6384421125845 -1418.2657528996;1750.5549149900003 264.25226542278773;613.1067096726904 -19.419158348520398;1448.428658211327 -2050.686333000959;-342.7123927137474 -1057.1348507321532;843.2511837769497 -763.354714226814;-1745.7613195684046 32.001453091416934;-1581.4612468534679 766.3691512294183;1174.9644908271032 -316.26350598973096;155.36387830980826 376.44720628391815;1738.7304434810158 1055.6073294407256;1470.2306443219113 154.87370540620464;267.5138303346766 183.3693282762933;-1537.713679354408 1954.166709480279;675.9932950886601 -434.04376044918297;1115.1909944088768 -872.1677831562238;-2115.6593666128006 101.29441972632883;-1798.672880586769 987.0218866167102;-768.3138479495674 -1350.1745591570202;-104.7279663808526 -90.44850902013529;-2285.3665095035 -1675.0472089839482;1722.9712931314891 -1009.028175736928;1354.5181012066023 1979.586578100449;-33.13576961322315 -1533.1173475024882;687.5630847951306 166.22395705060413;12.931629095110297 -986.2119759356469;35.788113212934064 -1755.2474372295503;916.8145646235977 1125.4581000387868;1492.7855636757206 -1700.8495924256458;189.5744944272018 -431.9792402278811;-23.95150428875513 1159.1893021282174;-2741.7475081556945 1529.2512505547438;-2174.9109698082966 -203.07300305558505;770.0668917624618 778.2727207752569;1353.8277559163269 518.2918035370161;300.33934830536094 -1262.4734611141037;1501.8155626069063 -1378.1777203148374;517.0450596378356 814.3994011762554;954.6551788906379 -1575.3293842429828;-340.010977258324 -319.08852817188387;-135.82465038685083 1433.4874509765657;-1167.2146045865427 913.5078344786967;436.94533236386286 576.1234609675864;-10.033068573733733 708.8742245831161;627.430900079408 -2034.2448598763906;-161.38109853917865 370.1804555154886;1243.3901523512102 -556.6891903624204;356.36940570711687 -1646.9190669178138;-1928.3059288848403 1712.7844648664632;-1382.6094654252686 1631.8878242296594;980.1465100547587 80.99926865246235;-1865.1043649724802 -554.3220145494756;2455.7099285024774 878.6482804735781;-761.4287756213711 -544.9111029242761;-765.2483856798971 517.8336303556391;1184.0122462457132 -30.76230445733378;871.9252441206825 -349.29006247843193;1788.6917209095488 -568.9840740449232;-262.5336339909778 649.3911621134504;2017.460476596238 -308.3241737440014;-532.4563866313994 1978.9681105426503;-1432.2515764272732 149.9676452219209;241.3022678586388 898.8392554367116;908.8474802897823 1984.606464089058;1352.5524350503622 -1076.5297397211843;832.6914499172703 -1256.0801500510315;-2420.4735186900803 1146.412403972908
0,80,18,LXSSA,7.550672444291822e+24,76231.0987574478,31.888160131333333,,6030,6030,0,0,100,0.0,1,-2514.7122689787207 1816.438301802016;-1399.6068644152656 -1667.8112237454227;1731.1885110316134 -1508.6539655651866;-150.32015652752798 -601.3707149209785;-873.1578219551376 -1904.5168464329588;2438.384531180916 -913.0774041039394;-1131.6765895262336 -501.6550214493234;-900.3061918632388 1727.1168749345945;-1063.2920563355162 1491.1211277128893;339.55251068874657 71.34883178208462;-122.83758001773755 -1947.8722408917859;726.3456382169502 -1972.9059621535746;-1145.9211290416665 -1599.7243415417956;-2166.747594297728 -10.42771134129024;-1168.2377585223264 532.3564875816518;-475.3921207007194 -1446.4973685346972;224.63975647123016 1577.5333623005574;1097.533283398936 -1121.6376184394499;-1655.2301955357948 1286.3393310850427;-1330.7861150053602 -2011.94028899028;279.71641346166984 856.6711934850622;728.8442082712587 1058.8415979101949;-1812.8445881199448 -852.7314568147484;572.8259796098474 -905.7630003441328;515.6507312678243 1664.054225252504;1477.4575184987123 -1023.8835532194197;-329.8600543820324 2023.5515675289494;-770.3428764706804 -26.362457419138224;-1060.5238322402138 1957.9501359256808;-907.820467281952 -287.07012700488764;-2391.715472085939 1349.6782222533966;1139.1186806936075 -1740.4982573734796;-1440.9093491942774 -351.86168170145385;-1512.7357238219915 1058.8485855812717;1687.2909710151416 -1961.3264123673202;-631.0165218533291 294.498067365336;-522.2614203646842 -235.63767782498508;2147.16440638065 857.0398184393442;-1303.8430873140583 -985.8840202563397;-586.8117923829394 -1878.2984001382395;-2037.709723183816 -1063.1534216709888;-606.7131160309533 -489.63566989582404;-109.44688618305058 -1567.5034857223618;-1956.3404679089617 -1576.1835093315253;-305.9631453173895 -417.0071605709513;1109.7421882291537 -810.1779280559302;1170.920796142915 1559.7416958762096;1882.0798307588816 1914.6372205530577;-2126.343053699584 -1407.0112883104218;-99.10677480645812 -20.653091009412176;-1915.246955197509 1840.1611555761308;1078.967836274486 1013.0260742982614;-1682.7119088674497 -1717.1392161322644;1340.388831436222 -341.8447330535926;-992.7637160499174 -1150.5494164811923;-1637.516314988036 1608.9529124101462;-2411.9784317403087 -1794.9692622900102;-44.39584405928036 1865.906497935916;-753.2830642865578 1994.1702239640128;204.04037450215253 -1527.35941745017;-812.5976465194335 -773.2946739684172;524.0696590956221 580.1475633770633;-77.03570001557328 1006.7545682443543;-2102.054537711338 -768.2546383010106;2034.9445093607487 -47.70937319487556;64.34174307933198 -432.0435453045359;2465.6895219040925 649.8667563738852;-2203.74717800809 -2012.2334619726341;-521.5079715869485 -890.837161789807;-1250.746450485268 1030.7467643968555;-221.867099614159 380.0501025648111;1361.2930761786083 -1975.9753112939636;2114.5319040174622 351.8453646133547;-482.9574983618618 -1207.108913120462;1170.6497929700947 1971.8666188597049;-2319.138095342636 493.47473052593426;-923.7428531474609 967.6006718573731;782.880928906001 -1137.2210799205532;-1452.7198593605947 26.579821404650502;1057.916224428196 -159.62897459370083
0,80,19,LXSSA,7.755042452255543e+24,76147.73034923984,31.888160131333333,,6030,6030,0,0,100,0.0,1,218.46968668746592 828.0386145574466;-975.7222433161171 -1363.0593363299267;-2205.6093318161857 783.6706697583239;-37.87189600193971 1827.2149792461607;-559.5068720030204 -458.77494498549305;630.0676221175631 -1112.0460136054471;-886.2330506976225 -1640.033827649042;321.7976092505587 1314.8100140137342;-672.0257056958798 -1852.0925913315978;1965.6893455768607 1284.5897733419781;-1917.267577121325 -627.2851360734529;-2062.3592424090643 -1423.5661694738867;-2387.8235672889114 -1239.6554618383386;-2005.2898381840987 1670.864097908035;1335.3628088661876 -541.7897801853463;-1890.3126021565631 -915.9043866338087;-939.1802436980762 1858.7997410639362;2676.8602607051057 -933.5358910074455;1854.7932363082766 -1319.1161285478886;-907.1578934597927 1196.1747717665696;-855.6030318328571 -240.75974124371848;1096.2625288201775 1444.2487469846492;1562.3255022094547 -302.071060929073;-253.78498763271898 350.51148601909534;1448.4425204693923 -1912.5443472048266;1980.2658504138585 588.307662615524;582.2485669697559 688.064378897851;-1831.6065286783007 1026.743350129344;2237.21494312747 136.41985559836954;1005.8995817877537 -1612.136122882062;638.535684521141 -144.0097024381418;-353.4579022359575 1507.4050336597236;-168.49443866101294 1294.6431839390125;404.8349564252751 -1953.8097796485843;-359.2870302670102 -736.1398587032951;287.59760917552074 1116.850186020802;279.15111016154145 290.57003155481624;-1099.1907304445037 1519.1043950693138;-211.03247660117864 2029.701420802733;-2402.585509855322 66.12744529021242;-680.1474825654075 -1338.2229382682358;-1588.906629809175 1950.843948573964;2331.099447498144 -1001.7816112198792;2085.5792101818793 -1419.4984786873713;1642.58998363791 24.44152745911296;-2109.2134611564456 446.66419185406806;-930.132548758716 -660.9643542853369;-97.03257885464693 -1001.6682620338665;-1372.5652379238225 -429.83355995154267;1733.9069938586192 317.50154385334395;1764.4572894609998 957.2014971773426;-568.4577970789533 -901.367336894175;-1408.800308093307 -1740.5779144592366;566.0755040912467 936.6981863875316;-211.1156650222326 77.88961923699532;1339.397769180434 129.5669664999094;1345.8270055415649 -829.8551233804;-2074.526833126219 1205.2561965360167;-1098.4757658720068 931.2832557695758;1885.118179835252 -142.10304548597205;1447.7901555093067 368.79333537697875;-2540.801167873578 1059.2582866861808;463.2416213906462 -615.8654891048408;2240.829207430317 1191.8973296544657;2527.926295933687 555.2085600714814;782.4632255796207 1486.0726538379215;1160.1666362174628 424.0252425724453;-1107.948936147455 -429.56248606827626;-2412.225660703453 545.2237850886704;-1186.0319959800177 -65.12961312224228;1541.8220911346057 1660.3265988446096;329.6634990631158 1930.2011490496825;-1348.5232439911103 1043.5406103716678;803.8338761270433 544.2060580353044;-802.2597855885177 126.60361338639487;-2325.1070275158986 -1967.9333289681836;2515.895495308696 -571.2929288610158;635.409975714883 1299.982868281433;-1499.8325226562856 -135.74657854333236;-756.6388452550019 1583.6658233055018
0,80,20,LXSSA,1.0358061168688592e+25,74784.83177346445,31.888160131333333,,6030,6030,0,0,100,0.0,1,1374.8925288261587 223.4499842587631;99.97607909516559 1587.509610659778;512.2739823818923 1630.6359128409072;902.7527234753463 495.6578461004342;-1292.9091218749402 494.088684876343;-1.6392308319953919 817.7807594591269;-970.196774057152 554.60950066569;1346.86717769047 -327.25448084791003;-94.86839790036963 1289.0650283361915;-1463.801635426107 806.8359693528562;489.18528712303663 -1940.6651729301989;1351.0664989333277 861.9339880858122;1639.4132447577417 -8.750411865878263;772.8162545331847 -1317.0602630567964;-824.5394359108373 1145.9883210802159;1676.131128504986 1081.3658517369947;-1539.4944294011568 1565.2936255483262;-20.158610158580473 -206.11105026300447;-1888.1887257892556 -929.5359782499039;1601.6626387380195 -507.4932436268507;551.0020175991979 -1617.3551806392957;639.7189475179023 -739.5677032473092;288.5124104826278 -1537.2335198674941;-1163.5208736608074 -10.272069282460796;-350.4362820182635 -1571.509267354395;146.18273816675543 -468.06151729653095;-1229.1096052070486 903.2917646764389;-255.90394550004353 -1198.5265757209327;-72.71125253478641 -964.3110202672922;1912.5068678968355 1993.2458993790203;-758.9488656286888 -1882.4785556163679;-940.9920088790474 1677.5754319095136;789.8110404327082 1246.7250557044592;330.48831965572987 91.64306876768664;-1568.0344813846575 508.12832935748196;845.4211676803543 1883.7878224865124;-1599.985131909267 166.58848585614916;1137.7525791213484 -159.1245302230211;1195.3771324998572 1740.042868234813;374.3438217379195 -562.7260568090177;-2386.7766050099976 605.6983087827247;621.9643402890915 37.317304180967795;214.03602687492864 1291.9511663144951;-948.0263475361817 180.21737022449787;1507.4058916934414 1912.2742458977968;-219.01154154544923 -698.342776715547;-1918.7164324154055 1980.484982545272;-889.97994159216 840.6055890625698;-675.3759046847263 -635.7498067488726;2467.2287436776064 -680.5551545729784;434.00531901317964 556.9096520712719;-2151.6601432343627 179.98801795633662;-91.62029170900871 -1417.081233014742;1214.4721685365298 -958.7558653919654;531.5508934476056 405.70320952171386;-1628.5052569774798 -265.41250520174174;-2009.5991126485403 1556.4352665128467;37.179451205774754 560.7968041367122;1638.2143706158292 380.83452580115403;1514.0086491417637 596.6886241459016;14.670347086524734 1049.6113796793593;248.8612270589303 791.9607679608652;45.946926662355494 -1769.2538500884964;1956.186976007298 -1351.3268266445534;170.08458984345214 -1217.4745266422176;-1259.3099049613668 -488.89552676575374;-227.71876907759008 758.9845204288533;1735.3872593060212 -1632.552965341552;2048.362954462115 -349.992843425339;-1148.3261233030885 -1084.515541553972;1534.4759806763052 -2052.9410321957635;-1404.541881136569 -134.90207338348975;1460.8517496458264 -1204.0086293153709;923.9986594907062 1017.6867095406438;404.4791336751116 -236.51900005628278;-1009.1609156410198 -675.9416309420659;1121.509412156946 149.50142027269712;-454.4213688279778 -989.5823722006712;2294.7195168091616 1011.5195728229621;-80.45874245382447 77.51287233078865
0,80,21,LXSSA,5.111419584436183e+24,75494.15939680365,31.888160131333333,,6030,6030,0,0,100,0.0,1,865.3214445792113 -959.430621787051;1732.827628650462 -311.9183926667825;-960.6199569196747 319.3835092771082;1686.5821655335335 -1013.3782174576845;1889.490049747496 1980.0819143358196;-360.4567045138781 1665.0432891985213;-867.7437241830108 10.499658148616989;-731.7957283607096 1565.0738093176167;-842.9002036276917 1871.430654885872;714.1096377067107 975.5609589199405;-1985.1848412015602 -1556.5789461509105;1048.709955495582 223.78212492593136;-2532.9841384984134 -574.8119310144874;-1584.51739095384 325.5446237842739;-939.9510839883305 -1948.3263864791988;956.7754825341569 -205.97837059232387;820.3436623946493 -1360.053881151667;541.1382145572894 -1885.8190361337065;-1099.8391017996114 1620.519534161748;1044.2058417144008 1610.3986577565317;-2188.1896063309396 -1205.4104475285426;1223.4696830976059 1320.8023790093343;523.1057803092891 1756.4971684402847;-1132.2060507800973 1890.9771882277435;-938.1036875275107 1297.2220756249983;-2004.3559033490042 1628.3313296225763;-1616.8864469204248 1588.4748548146035;-1570.6700126204116 -1013.9008818240618;-1530.8519302168054 -343.50914632360184;1010.1406769713975 541.1391350576952;1375.0728026083152 248.12104414120242;1243.8525028869328 486.5454028421047;-30.93924149110545 -135.27705312034587;948.4987396739792 1311.1855747921518;2182.130860885504 1899.9140223706263;-205.14459450668147 -1581.3923083293473;-442.99165509263196 -1758.6750389554707;-615.0647706416523 472.3990573347551;-1389.4093747636232 993.8943615144555;1640.1270588607536 398.8031128468575;249.68510085341921 947.9766123877722;-353.5392726529612 -935.3900140956446;-1197.4156343890884 -321.7914147338729;176.26668152480437 -323.9045470323072;1111.0184670969895 1977.381706254289;-529.6086263889981 -2031.089627112158;135.12016597879136 -1536.3139746081883;-1837.9521080662194 1051.8818289757419;1214.542364495957 -1215.1127601936682;-365.993323132671 -615.3445768405334;439.2197775786485 794.7327552074004;-1488.9908114707887 27.784761374864686;526.3963689098417 -476.51308980995407;670.7323971526558 -33.934087264820484;-58.46370989626495 -844.3778881592933;-1680.333987987486 -1731.75205057995;1663.776100572379 1007.8040543074563;-566.9505243788255 162.09203926123934;1351.5042370780204 1053.5704017538071;37.59874068490054 1274.187814705181;-1343.5620269452554 -1433.2636460938454;-1365.2243667774992 -782.7049917726242;1140.1650510245015 -513.6107661641767;-622.1568269493066 -1283.4211294246497;-1695.4362987429308 -150.39050166009912;-1057.0593448870814 -1028.747168026109;-268.1706130811095 1347.9605638415976;-1387.351555064476 -1853.8489385549433;1551.2340304173135 1760.7910846910727;2059.2852719548855 742.7531359946776;1887.566092213225 1302.9284124301062;-1795.6677219948938 -452.6433212503339;1489.0002509425062 664.5258580487682;-705.734512319076 -255.7639486416011;-1643.4017294122632 -1312.2263264287856;-2178.8238479227643 880.6668650232795;-787.5573060915059 -1697.9436101928702;-1287.4445036290367 1282.7432284467438;-1883.933444401632 1339.3700328038274;-803.7153892583035 1004.9665829375353
0,80,22,LXSSA,1.5758152646165196e+25,73324.87152409469,31.888160131333333,,6030,6030,0,0,100,0.0,1,1586.913791916303 873.1335130803279;-85.96879335841012 535.9849541701874;-479.7522892255322 -1647.7182643587635;1175.4061778861762 -1770.2197878134;-568.3013996100606 204.28158900826236;2050.673695477819 -1734.658271053646;431.0788481891709 -787.6200116617827;526.133798723737 137.12223528152253;-39.77293095727409 1118.1526852098343;29.92195842218468 -2027.6622199105138;1539.7794300077271 1647.971862001182;183.6717880554779 609.523891599465;773.4112865814899 -940.213945822007;587.2826090837829 1148.732167846406;-599.7394754403394 -1274.416547010687;690.011144601724 -626.4121007568103;1338.2674647542162 -1299.030111563595;-905.3179731216309 -18.983051896000745;32.36573024183439 -1199.2257046922691;427.88413147155535 -426.9802679202249;-705.5675461239794 -1503.58406051741;581.4337695433393 -162.1118333304737;-272.20110109911246 -16.50823097400029;2118.8919228476816 653.5069537116996;-438.6788315068038 -833.2489496450995;1307.0911530766916 508.18726238879225;-917.5000174553569 -2012.808250434692;560.195922150851 1438.4573662456526;-348.15145583678463 -222.90308889287527;-1619.8128148432988 422.39334818852757;891.0461206518046 450.07309061687073;875.2802193307401 2053.6213187833;731.200688467825 332.1254610185896;1301.1484509102838 1320.6007929190828;-534.1891335340869 706.1437881299764;-1146.1961878821776 -69.30221963354933;-1050.3499989867175 -321.9600681416485;1216.2237681199385 957.1554606155515;663.5902425836782 1794.3942287343882;-1116.8644744786213 168.22693467619598;104.6312379480236 77.42792057407658;970.5401188440305 1796.37376369998;395.9864127776895 401.13742981538525;-1570.544873766871 1482.297420179724;278.07568902020085 1817.912104869645;-8.159735815691025 -353.0222101520488;-651.1968323260918 1463.8207325235273;-1772.7083051295597 -1125.811909651714;-863.686571614786 1817.1659207535995;69.5806275016717 -736.8526916280215;725.5970388783917 -332.1355953607019;-581.4086409938751 -99.38352511709299;1178.8896565363088 160.29289739721517;-1536.055250844561 954.7914707904849;850.0555189831166 26.29718136795418;463.0112515978335 -1257.4100882535295;-602.7735472419487 1971.6847583168787;411.2604244537157 715.6951431744174;-333.92316591166735 -539.3332490748264;-712.3735826645564 -292.91743003728874;-370.3493118145058 1508.931172747126;-2341.5931475627867 -1279.192542930274;-1510.0973302648165 1211.107357924644;-1297.1468807625197 353.16013486615765;296.46368524365965 1011.9383788451097;1249.3869302278044 1979.2138673985808;591.1812492212898 -1490.6687447573863;102.308560028321 1510.8241972945996;68.89370849056064 865.8567893588066;-782.2945696378418 -928.3139999873316;-317.0295151067736 -1302.996654021598;1066.6408739218923 1476.0123817938152;586.5608615106145 864.2328646163586;-586.2146289717094 1170.8313912575802;-153.8546479114795 -888.2666000853944;1728.9750342160348 -197.58103294177198;-2378.3956330414726 1221.6265778961777;846.1195121076889 924.3568439383287;679.232979987616 663.2264023821807;1561.8402440813757 -792.606466789679
0,80,23,LXSSA,1.1973725498493495e+25,75729.41520958682,31.888160131333333,,6030,6030,0,0,100,0.0,1,1007.6395715953369 -1533.0694865640878;-1574.5352523332078 686.3598620393875;38.49395065443766 -1361.6892812359592;635.2265690447246 273.5497510831809;-64.25003184970396 895.5869555532835;1334.476671014474 1010.2397588376838;7.142656238969178 -234.81535547640286;645.889456072204 1547.2055509910058;1183.7405872446245 753.94782699679;-1522.2212414677958 1622.0845311913715;-2121.0655338670454 1591.8225269757986;1987.6624528478371 -1031.5351938484973;1931.4464491191966 628.3503827490148;935.1049287474368 -840.9332587485984;1134.2726399847795 -1120.0823694335872;-652.2355571827998 255.43635668478237;-291.60943314393614 1615.1355442219196;-1489.5984729680013 1303.3572344046104;1250.2849104360957 1345.183730228435;2049.654296817697 -1317.403184574205;274.1767524720765 -1987.1954321520946;1656.2274670417958 -512.9712731564379;1988.3213053388538 -253.50453055746894;-1911.8235184884888 1379.473765357445;-720.3952093633519 -1840.8566511238014;2274.504830774355 -766.7264314966027;568.9746123363151 -975.5103269519964;894.2129687830554 -1281.053563728815;1309.6323834488612 403.71039144224824;2362.164481371654 1040.4216781992995;143.5771694747926 1178.1183514991087;-2228.7939033559214 836.5590383878093;768.3070313514851 1753.9300002540217;-104.24446982502555 -1984.9527234671611;-1227.1954605114565 -663.2110119799912;1279.9173943989601 -1909.7602672603355;475.70832761046796 -1821.8531724957106;-1930.716286282521 1105.7158328196642;2163.608680112868 240.45024605037543;-983.1358757902109 -1715.4379306411577;607.8306418282973 -1337.2391540369179;-279.63094589313056 -1340.7449952001107;940.554624563232 2004.1780912917977;1003.5734735278604 532.1972091730511;-2426.456899166435 -1141.1929877188707;-95.72109151845629 -627.7021033679503;971.4164203019781 140.20557660889105;-584.6190019270408 -1092.1293977882194;697.198485633328 -1653.5842777523294;-1362.747439892058 1996.76172349389;313.3021579816474 -167.5741061439737;2398.6916735613627 -1497.150837883529;-2104.943227609782 466.56908097305126;-52.60035157133378 -1651.882256659379;-1567.7540225287848 -992.956837370832;13.38063933313031 1581.877906424033;-1832.8636838567431 1738.3265468930153;1031.8990001081352 -184.3404695752745;1598.1752740045863 1387.6647299505908;-1939.3095559628869 -1796.0466337310122;617.3831612135684 -698.1237900157822;1637.7857899696116 411.3753736012911;908.4227447229392 1422.7650052371039;665.4618287990938 2081.3510357795913;2399.2058314118094 -1110.1162180923761;1192.7459063246242 -415.8862801820288;-862.5385863151131 -939.0071166077606;-497.47325956386476 -361.0037989234435;-2263.8645952736197 1054.8215768903196;1411.2047927002843 -741.4589680052254;-1473.8719407677524 -403.9602860747501;-1889.509690083698 647.7598471234755;-571.3645138522619 -1369.4738722329257;-1082.2192358231746 1847.3679593588156;-193.72541363341793 685.5879079430931;188.84901461759839 -1814.2787821012378;525.6885433580451 -2084.51656123567;1374.2199830528555 -1605.8702357325903;-2368.1707723037516 -1504.502468481104;1432.3317590343313 -1292.0819832931338
0,80,24,LXSSA,1.0492084120901396e+25,75719.88920283728,31.888160131333333,,6030,6030,0,0,100,0.0,1,-1222.5653828082707 184.21197207234428;1600.090927650618 -1166.0793430052065;-617.1661179352077 -431.0691631600131;1710.7006717723525 -461.40152278547396;1251.3510342841666 -1445.5627198380637;976.8076839747945 -2051.755562345666;259.9091362018175 -1257.7601977570973;738.6479485477195 -1653.1970203649148;-1607.4813301728732 231.673694129532;1819.972838849394 901.1402876827252;1965.1660558439967 -225.27654360567738;-741.7926999700925 696.7831697238155;284.52625913026316 1498.4987507843857;-17.983529847639616 -1743.970182142251;1088.835582430134 -1689.3387639520995;1519.0175206472152 1017.0500257673324;1706.644533962557 -1938.6013898867793;-2247.051775583065 -1891.266456574185;-295.45067595818693 1060.5607963387456;-1176.5674572038217 -1267.908399248106;1570.199001463097 502.30521735106987;-2586.944375858868 1679.5187598384955;-619.629510976123 -1840.5470498781726;-2317.474189419176 -91.88458185712986;-346.7192726706158 -73.3096546029274;1172.7055470875478 443.6298006909306;1291.4858168157787 -595.5728262271193;-1496.4460887387734 -1341.9991081654782;-663.9070030832318 -648.6784609956346;1395.2343786712634 -375.44482687971964;770.6635788342984 -1148.7768624164958;1220.8770838215162 1541.2144549281709;380.801850539028 -2049.88047280506;-389.15231622340303 -381.16584458775765;2034.5263375579136 -558.8558096187076;754.4099427951336 262.34550197962733;2428.3843996419364 -1514.1159960309433;1439.1416846544776 1353.3468215592773;2100.7172568295628 -1957.6435526110597;2243.3274057795898 -300.56382447406514;-317.37080782768584 -1965.2949436808517;1246.8924854439192 1133.2178596623162;-769.0100914138499 371.00649436913966;-696.7380769229056 934.2905756935211;-1296.84400691834 1150.739569595146;-1319.78451913913 -492.928434315276;963.6927004863809 -553.4497836129998;-1033.9977596507058 477.965650119962;-973.8096318139908 -682.1036842733803;2350.157388652641 201.06129285330059;1145.5353872462417 -1023.4441826384146;-925.0179565659104 1066.2543786268664;978.0808407418534 1909.345214059696;-377.1752104808907 509.0162005465068;1027.5078159657335 839.4592741753972;733.5276370780947 -361.05307599558535;1513.7017287155147 134.55708556716655;-401.0583000292359 -698.6346297433187;-14.44173269012003 -236.97165344509236;506.7222901794306 433.04770385264356;-753.2494153219568 -124.25605093654993;-1024.4469204905283 -416.24061729426313;1200.7042052179315 -49.08006296765962;-1532.8184812534691 -1881.872036575304;-1239.5901434621933 -970.5957032055039;139.0667902513074 920.9500338564887;-1772.0009316080095 -1359.633998993137;1713.5528425989776 -143.55776110588164;-2073.953882099891 115.63813881166396;-1755.4475527811578 1962.357048794928;-61.366330374819235 294.4026413201429;109.13822347272064 20.306014015172966;-2012.558858385488 1417.9838811195698;-972.37497337326 -1966.7987154895309;215.40068323637104 -741.4778962627304;-1613.5910274200044 1156.803207048645;1368.653504653177 -1915.5579049622947;-1589.3828095771062 1681.978037470482;1226.2606070466416 -2046.9157931096138;1778.6064666244715 1777.0274506642438
0,80,25,LXSSA,1.070758269252186e+25,74958.00543031059,31.888160131333333,,6030,6030,0,0,100,0.0,1,1683.686434935199 -1095.0415671431524;-2090.5307183742298 776.133023929242;1046.0122556840267 -31.12185742725356;-640.1929513915434 217.40673677925471;-1839.304105117187 1582.5941874935215;-771.6492931819398 1167.4463911052364;487.91099170241273 -1001.2308390652463;946.1181279047339 657.57104808951;-2336.99072635979 1386.4997123408261;-349.48409264677696 -808.3585689748537;-1729.102844925779 -787.117402251655;-502.56584265197466 -393.2664011066177;447.7245010869442 -2033.0430197753103;432.6310296185803 1240.706268060534;-967.9643209622752 -2003.261410302866;815.6413150785038 1730.0597701583358;-2004.5836633001732 1343.2948652979012;-1137.0222377001141 1276.6541483747756;-7.751336714884896 1030.102888522846;-1961.540459794225 80.97220994134372;1677.316242435049 -1575.3329170102434;-728.6363459463643 -573.2826530055307;1644.2396437483683 966.3984997547764;2124.3965458439047 -922.4610685552258;-1975.3409449979458 496.4121423896437;69.83596900620945 -222.00972478177644;185.26856991559688 -1047.9436764645804;-1537.3244431743578 -1974.635589065165;749.765042566563 -282.84241992817937;687.3825270550308 533.0388224351225;-325.14160490647856 1594.6439934928;-285.8768481188118 23.34846835690748;-1225.995390496367 -576.3715207247357;-1782.8236199631983 1937.005092023034;-1425.3768658207007 911.3930194493188;-430.31395180914495 -1446.6179223625243;661.1622697439142 -1724.5070199704298;-98.82593368000941 -1647.6999229712765;-498.7733078931776 -979.5950308935089;-763.1818370557894 837.2310326544239;-1030.6214421022448 1671.824474071965;-1111.5872108810913 -813.5686156134522;-672.3771574563962 -1247.0132526327845;298.57641093968425 223.39498788313452;1043.7287997028243 -629.1495341345448;-626.0646943027104 -826.8493317329466;-1052.0908995580032 530.3044722548192;-446.5679166079401 500.31795529769533;1806.9231401263653 30.33363311578203;-1493.724483535533 -1381.1538117856421;33.15677202648517 183.53184596293514;-1152.171660291336 -10.755674403017808;322.1171498243142 -1660.7134224594656;-1441.061391194737 -448.82077195164004;1339.8987515630909 2020.9535637194447;2324.825920291584 1051.2393222933738;1843.665478303711 1816.0919337051612;-1519.7646375124864 1273.6649090941694;421.41867368950693 -708.7672769980524;2288.025397915018 -632.2031766729547;1308.6557046880753 -1964.415510856802;2118.1890296188985 177.97402215969376;2073.3982905351086 1789.0745391624964;-1184.116590597753 794.5932316063286;-805.4740914351762 -82.03899766329134;-1068.065912909096 -1200.281769281065;-732.3258276588057 -285.41667808035737;410.34905273469093 1581.9832685476663;1539.9212668247549 1830.530686536719;-1355.3047401175234 425.416447266413;-34.200535819810995 464.94799687488836;-1192.2403841235007 -1823.400688979689;-918.7099701363588 -1704.7722081989364;-1047.6297888447457 -273.002234891901;1624.1659614124 1507.502510561342;-1839.712956799919 1006.923918862119;-452.18082381544355 -174.26367745999127;-1508.3312353664153 1798.7493989544507;-2047.9770615090106 -470.99915101508674;1782.9119814201465 -400.30886629269907
0,80,26,LXSSA,7.896735086896118e+24,75619.90970665234,31.888160131333333,,6030,6030,0,0,100,0.0,1,264.73921170454526 -473.074792418747;2348.8480020432426 -1204.8003355534815;1109.8094217033085 1266.8127158375062;827.0738414247958 349.50868606154677;81.56338146509054 1957.183844734816;-1356.999657711788 -1643.3319869438037;67.73435776405556 500.1391047662404;-208.03954263438501 1811.2336098896635;1574.8286571571293 -1418.7158532848637;2058.785976019075 -78.40867176097066;-1010.179729254979 1928.845765136752;-1225.7815351770198 -143.71104851251692;85.4526250945695 -1097.6586963965792;-1677.7293697729924 -368.33451756754147;1010.441613984836 -1704.928776500409;10.950547024560318 -329.0697245620073;1469.2906318055357 1929.8402880730614;1821.8850057726672 -667.6706361943869;785.9401801950513 651.8356957220395;1928.570923541478 811.7507484233747;1743.4301480017991 387.5130777707822;-1625.496700303805 146.7768084748176;-572.2291735626198 -842.8586567840945;1861.502884699234 -364.58507122830565;-851.1318381386805 -887.5887322136288;1977.3019687896567 -1107.2043871013045;1260.758026011888 -1807.8686363546146;-2212.1715747161547 845.1125655658785;2297.341894549303 -287.8259785438842;-236.22551203898053 -743.0844428170357;1492.9104321238406 1302.9504325232112;66.98932688733264 -1944.1101403526459;-971.1455995493359 -623.9446851475706;-1387.478081337419 -385.1299982664362;-575.5711312461145 -1986.374820864474;44.12612644354961 1556.2199466246639;229.24433188664904 89.80218663021753;1359.0128118508899 -915.3383732594112;44.25875436162887 -695.9444043621414;854.561140576052 -1039.6833983255228;1469.7218130394247 -461.20445649227116;-1463.899314565283 589.692007036807;-224.77762673121487 -1074.5470907051326;-702.400202146128 710.6579852991777;-530.5799674886409 337.1843602659031;-760.7431062479571 -1409.5137804492415;-289.82989151936584 2074.2993064826;-1954.1751327349525 -1368.0630212539945;524.8485353263001 -992.3261434486589;298.0294992404962 -995.205068266951;1583.2659613707133 -825.7002718960947;-1691.1093777190415 -1636.8696498736554;614.3491139065037 1912.5865277031203;107.17767774187182 -1394.438624711134;862.6404312776534 -1.4114473197298307;-1183.5085049367494 1206.337569467926;-2184.209712432397 -747.6041480276133;1500.927863704495 696.4064751437699;-1039.068301627655 850.1253968572549;-1966.1928805799243 1065.771419715834;2046.3416545034054 -604.8273338237665;-1447.6210996097163 1400.1016503093374;952.8167811601119 -1412.7659143763738;-746.7756887935864 -1773.5228497522774;596.4880507923247 177.20362791165854;1206.3345587916904 937.7598167467669;-269.0966224418885 -1686.31826115707;-1072.287590574623 -1517.3121588777954;-1200.7599888783393 -1893.0108342028016;445.2453793049176 1718.6357213433291;173.81116086602577 1267.5775392601086;413.4245132199158 -680.4946499182435;1701.2829416421876 1108.4575113791086;-935.8030841236013 19.854130178328372;-915.338952995319 1559.6669154059132;2108.5286089931315 1242.0052390775552;-712.8640026537529 -199.05764851919852;571.2570052637584 -2010.6118587433511;-636.6122152710881 1770.2363947347167;-288.06104069133204 71.98335253959182
0,80,27,LXSSA,1.5946015168768365e+25,75001.76681154316,31.888160131333333,,6030,6030,0,0,100,0.0,1,624.4634845666178 -204.3900260182506;296.4089205925679 -894.2675469365188;465.1271473380125 498.8133830317558;-1904.4314156684895 -5.16446114539824;-930.5802089373947 -962.3787268118272;-1318.2978006926778 -1342.138298044015;-47.44006696410812 2076.823783582851;-1659.2653472807056 -1231.9035718381895;600.9891111622317 1374.9874147747273;-149.7317960196341 1479.3359097357159;1642.379354786644 -596.6649209309521;920.2460447852088 946.1203352848237;654.1394734673928 694.1512454724328;907.9791407361283 1374.4452997394358;1650.3056589727212 305.35693646902183;-1099.8382498880449 -397.4339504810337;1384.754818247392 665.3337046189373;-78.0500056947795 964.4816297710333;-1529.4039810936492 -593.5701636219829;757.974334387966 1769.0029115668824;1243.3331946143587 -438.46158399464645;1140.5639146569952 -908.658750721207;-150.85880317831538 245.0034581853353;1164.4983089689538 1456.41240824411;-35.16986875981968 -288.74764794405365;-289.5881452626351 -48.0204180572258;-321.10447538255625 1740.7696932468345;1184.796943590746 822.9191517028579;1733.4426385546817 -1855.1829142038712;-224.1035630674208 1271.1907898024958;107.2904440716941 1290.38542153956;-1657.38811618046 221.10938291830118;-1221.7946359898012 751.8823366055789;-1469.4735915158774 -1568.30374734561;-464.169834068074 1372.149115956012;2427.8787550751626 -1613.708496080767;298.3277767929998 185.7855863107479;241.94940776885937 1114.7201920967877;-2247.937182777932 1153.1814806011412;-766.1666761650596 1573.036697148184;313.9498007556856 -1338.3980888330957;-2002.183456779823 -449.76044233072037;-2101.5535972420416 -1121.032214908611;-757.9066684627157 -1713.4516093092902;1357.4566266868694 -807.588631430591;-1644.1337633337444 1873.0889737101909;352.3279186171535 -533.1449398450567;-647.0785553414579 -369.8540209527487;1352.6468543155388 1052.6111488742604;-317.18177216175326 -724.7523685308863;753.5861056775569 232.41552316707137;615.0504679072761 1121.846024403721;279.4901589085131 -129.22253887842467;-439.4417996845713 -1949.329737744438;91.71705241267512 -1227.1560935071675;-500.6996076036163 1080.4937225035064;-53.6275633935862 -2003.9586584315323;1237.225998956649 1717.6720690049735;908.7263864700216 1997.845654854375;-994.7119705963349 1992.4980304249298;-2010.5943798751223 1444.3928641006873;-1520.9262451220511 -56.285409547363955;-376.053915061277 -330.3442472385037;1413.1281470035442 233.56350311941137;-796.256082151629 -666.5393531611554;2110.681722042875 -1443.2106762783772;-2308.4184146533153 -1838.248203903881;-261.44934027172275 -537.7083636100658;-349.7313726694436 -1015.8357568982883;973.305977890587 1661.7462436181254;-1836.6554241401248 -1685.0967015265567;-2327.6591061237523 -1546.4358448178778;-1612.8805015635417 1549.737137048713;362.2689984804506 838.7162054491506;-1102.415763459952 177.02649012555997;1566.432130257831 -984.8562896608213;-681.8219778979544 -1082.5706976588724;1907.7311040198808 2080.9575138333325;556.8418047171582 1987.6363587142553;189.72420386223158 681.2235727139462
0,80,28,LXSSA,7.392516412758447e+24,75990.90586917876,31.888160131333333,,6030,6030,0,0,100,0.0,1,-1159.4721239646424 643.4649505702951;415.11273271894964 -1298.0739040570838;-1374.7017690334135 816.6939330213664;-304.1791324052918 380.19114518056307;-1927.4093048052957 528.2199936773054;-217.54296996060387 -964.3397452984701;1554.6369030257647 1627.7269784217024;1933.5348817398856 1104.412429454763;2122.0734906792704 1973.6654808371266;-1584.3849677188487 -1089.9676648369418;-1932.946923629428 -308.1167040967219;1120.8368116842069 1733.6175187943697;423.3293585190517 670.8835545343785;-553.9893877378462 447.25585329551546;-2375.979859328136 1997.1700483527463;734.0421689672154 598.8054967990316;1776.9789394509528 -282.96201155278624;-883.1009007903534 1041.6357048500004;-941.5943760017012 -1547.6377967881942;-497.59972311215813 -1432.6320544698413;1153.668310963738 -1880.5007157782402;-1679.5863207868986 1715.7880216501994;1687.7482372322017 208.27026229252522;-405.71010219180374 -438.4641614538655;1899.4076795410263 831.5811429577423;1150.2642913279074 -1044.090231799629;1101.1689944759123 -231.71871159934054;-1295.5057431470836 1074.6110325697146;-585.0643802707796 834.8998584122744;2214.225248681585 -1946.6286306460438;1644.241602664522 1902.6739007182862;-48.648557239720596 -2018.1827659840214;-1213.1885674053865 -129.03318428768694;961.0013034157172 1931.5351397143636;-1395.4333383715334 259.0368152297023;1761.1817645393755 540.5947146243841;-1585.2759525894678 1183.6335397196492;383.20321855374624 379.4206698400867;1388.434075279345 1951.4498427817846;2017.2070023204487 -471.6386823750347;1194.8821072959704 -730.1724007012947;1329.7371108967488 1394.184439586858;-178.75336503022532 -224.89608862406533;204.75032681818215 -171.64970376280638;-130.47142576663612 -1775.5440028008206;1770.4341815425844 1445.284528908265;-369.8464530871664 -1977.0330725698398;-1069.5692286396147 301.4949979625685;-991.8560863004369 1636.7606956626314;-1283.5853869118869 1399.7333171144155;1453.333510362048 -1303.7740381208623;1404.3740170165513 -1972.4475746979745;-2102.392753966692 -521.253604954088;-1575.2564273150767 679.4040373055834;1085.1185491948233 1433.1680909664076;-1098.3288496207088 -915.2116364108103;-1328.8679498235401 1767.2370432429161;976.2357986631246 912.7892799141099;-55.87548226469731 216.6829135852986;-1256.131916328263 -577.8736646780324;1448.1923183596957 70.58588113410198;785.8723923076283 1268.1005692873307;257.37284959673633 -1043.0585813554412;1160.9610099810748 416.17297574284004;-876.9302994231438 -500.5739431026031;1976.4598863160934 66.42537251342961;237.2906587662194 1148.7068038699997;-1890.8570104176365 1776.0785739500993;-146.17811081236192 768.4599738009726;313.3686243557594 1528.4528136923814;1034.2198062379748 -1635.7190778956021;1543.1896086443637 -1035.53340066745;1441.0598051387315 556.8433592973438;209.57972865050215 -723.2884831180749;646.9108399745106 -1960.1870034839058;-748.1919212896269 276.2233069886435;-1576.9584943833806 -1781.0832438362033;-686.0794735966128 1631.1402185549844;-2289.2333215270974 1084.6522922800002;2251.846346053113 -654.1803599639093
0,80,29,LXSSA,9.964425885600589e+24,75734.96709782915,31.888160131333333,,6030,6030,0,0,100,0.0,1,749.5615852537375 95.3988017736755;-987.9589169672191 1240.8341564082803;1854.3698834114127 931.4535344497565;1556.3304613633259 81.69737523079358;1748.7751935555627 -771.0058639797072;-1067.8376381184992 -2005.6435994076317;891.8201775917973 -1760.512357010091;1592.8908489725668 1016.7363384951005;-672.004082052218 1209.658644525892;2172.259374008331 -913.5018166884531;-846.6845585606832 945.73313281873;-1261.8803076782874 -1767.694158409629;-1219.6051414578087 1435.5459768660405;964.6576348976669 732.202501421897;403.9047043397466 -643.6561265129417;528.8834258220508 -1727.2079056869024;-1574.5564980989725 -605.4972717816754;2040.9988847259854 356.4056542715787;-194.43138799878344 -862.5302399187885;1722.9948788754707 493.371608375359;2060.172331936065 -1880.996646970716;-485.7067488088765 1451.9550614252353;-1240.4614841764737 1817.7353570358384;2150.239245361123 1980.631927089278;-1041.7378644060514 -1279.789884376289;606.306662775476 -2028.2269159668172;-838.3730393692218 -150.49921441499203;-1427.327002840293 -1969.74037372711;1179.918803435502 2027.145796380947;992.7780498866321 -432.90092936532875;1308.3168957300097 -1590.7767595990347;795.0022920048659 533.9153382863193;29.333161216771394 -1904.9834661160237;-1299.573423602228 -1349.0167073237528;816.5098465850164 -692.4685379594051;-14.0494683215471 1881.8240144024899;-686.341563613628 -830.6168009395138;553.6230109179005 -912.4451050212069;1971.0250251082227 1351.0383532261194;634.7008666035737 1518.5223476819028;-1424.3389065088022 -308.4594946907872;1854.709282402286 -1684.945803016236;-2047.0609079881979 1848.859831906001;-1282.95275904599 703.3564357734256;1130.7322953884711 1798.6290590830095;-1361.663967893561 57.34833251616119;1463.0670854088921 1878.5157975978448;1555.7712560102475 -1118.7689401488078;923.5441943997796 -998.7398394407089;942.9444722914567 -2044.1575529546906;552.3484419474495 -1172.380297240545;-1497.4114943937118 -1705.5853806133414;-3.3240946498479973 176.09243847278208;-427.2060132303117 2003.707756088647;-314.38186042200454 1709.203771126942;-284.084677941378 1237.466407608118;-945.5767382580908 -1625.2283090869746;-2044.4029092343767 -1007.2484348149517;1739.6660521957087 -357.6865452956778;-1625.0886345366134 102.89325163539998;-1536.3495531483686 -937.1445704545608;930.5448702046011 332.31962887017914;1156.0592251229862 -736.7437580883992;24.787750891696465 -578.9721490121491;1078.806822179872 1298.3757818176152;-933.0718149461043 1593.557507388765;1414.3478847805413 347.1764447506019;1959.7101443583288 93.39302431176687;-296.8413889378754 373.5554896470597;-2341.602237555656 -1629.9054221007018;-736.5205034371431 -1162.5000256940339;800.9181897595823 -1290.6162885797146;-1689.6774181462451 -1453.3454057391164;-1803.4399148420578 -56.39832440340514;-357.57267024657756 -270.2633939682767;264.61148830153843 -2014.207942338525;640.6596551641965 -450.51951500309104;-1530.0329599401607 1619.8710624881835;652.137050115837 -175.44947502872878;-2306.2874116108874 1089.1537299577103
0,80,30,LXSSA,6.11019014911469e+24,75451.03230459406,31.888160131333333,,6030,6030,0,0,100,0.0,1,-308.1958173387949 1530.5433603650022;707.830447337403 1436.2913325326213;816.5363966666159 1865.5583429618782;-1306.0022640258444 687.2350913658686;58.282507422628136 -1887.4255269726548;291.75881693901744 1472.9221497798858;-315.60352759727596 531.9952630540524;-536.5627891831953 -1211.5583482340428;515.0480557430014 1739.9878961643794;832.1378494746118 716.7322301806602;-487.72823239641536 818.6871695868657;1451.332519894158 1466.3558743426852;-171.5628753090233 1255.2903035845409;-155.07667412885175 -2001.50786010496;-133.91875189215332 1710.5907285539317;-1309.2061678527928 70.46286722053902;-1558.1515059502067 1193.645285584117;-1382.9383017846949 1003.6537097299267;928.615952338887 1135.0081175155465;-1034.0855804096732 -280.4574214121689;1653.647040798578 -1221.0363193007024;-1437.2608502231835 405.28789069232306;2256.850841256052 -1007.077970825348;1932.798706924442 -1618.2378058240265;-626.4519868933493 1999.784556922367;-1783.6949084425862 1357.3795430046928;-306.0763543916773 159.60090876101395;-452.89782114730957 -1478.0860944893188;-1547.895609879054 1811.186851495714;-1828.2567212952736 745.3980493686238;-1930.5102036200096 1796.4559770029755;1557.233237705279 -1667.3220250011013;-660.8853439210982 -15.20310940880861;-2082.5891771740644 1525.2362819260236;198.15895483374368 1768.6711450949867;1411.646938159708 1982.0478269181326;-1790.284216668961 -1367.77286473625;136.72304121771325 214.70843898908117;1044.484895787992 -1987.7353230326974;-1132.430885092189 1253.6232257628455;1143.9639225398823 1418.7768640892962;-687.1011217803234 -830.213547662917;-407.0165100758697 -390.84536109509696;497.66890174162927 -503.02215351685084;1140.7425854696935 1734.8452628431548;1581.5906645112614 779.5452134780771;-1323.870509073517 -693.095140918389;1752.6906572914186 -726.6286530983677;-605.807154368881 274.9359379260492;1853.8599334375253 952.9624961158355;417.3588102838455 1176.771987602793;-1107.072699881375 -2030.6806194007322;-862.551502111078 -570.5702662783025;1029.485432086734 -1704.882531324716;-1166.4035070583993 1625.7983903996274;1646.0076398142382 -1980.2526407315545;1025.440914717448 -1437.3150381140308;2122.331991884354 1664.0017200540228;-2259.3928556798933 1842.2169293689544;-1964.5036840030916 -991.6577857584477;-1733.1382374411273 2029.7178929298657;750.0380075128007 -743.9879922857817;-1693.5812808771402 -1103.2404574886425;2331.5582173004755 1141.9659850762455;-12.133919952386918 -1320.426482693536;-1423.8844666472828 1482.5432744368302;-1055.902309541492 888.5595631921996;509.86224802196284 746.2381387784679;-846.612151648113 1671.4395982181145;-291.73848548160834 1976.3302199025595;1209.9224649633768 -553.7961802304537;-1614.004963963597 643.076797882304;-2297.7597016520913 50.78264934120655;-1007.1759946554477 1957.3906769168757;1369.6760472274157 -1349.9452009613049;1760.6039918339857 1484.8119761858723;1614.7925454359606 -111.64643282440359;-915.9948899842683 511.26487495352774;-2166.766263163201 1073.144928316019;1204.4866904144792 761.3370140343461
