Radius,Turbines,Seed,Algorithm,WakeLoss,EnergyProduction,Runtime,RuntimeSingleRun,Evaluations,ObjectiveCalls,SurrogateInferences,SurrogateTrainPasses,Iterations,GateAdmissionRate,Dataset,Coordinates
0,80,1,GA,8.511427992626856e+25,74211.01179490896,85.13548535426666,nan,3030,3030,0,0,100,0.0,1,708.5146517559374 1514.6902351105991;1363.8131006507128 1349.76365264788;2130.365313295363 1728.4460809746406;2511.8731660990707 26.618461368698263;2256.5114513850276 -1263.8731941925575;-2070.9375971698323 -1540.0987593280195;-1533.2452175221686 1443.4793381629688;-2334.848023913864 1792.9763420157824;-472.1360964853375 2074.7781185676013;-958.0747511053121 -135.1006465783853;1742.9113749292756 1001.8388775125936;1185.1066051028151 -1932.0192774816335;-467.25726179399317 -946.0516923444029;1082.5117969563166 -1996.0601704442051;-445.5716052111652 -410.1339680693204;202.51125612452415 -1097.223287531786;873.1203068073983 1407.3840815250314;-243.36599247794538 -1807.4818058378587;-2597.160566022082 1607.9999277846218;988.0560909518181 -1593.8013469785506;-2529.3575156070133 -989.0794539088342;-38.038961165338605 -1085.6548281818884;-762.4874038815858 1439.5842546300619;-1911.6128509716636 -942.9528431382575;1108.0137809307957 -645.0720146453182;1051.4265833712802 1310.6513496770376;-151.36394284101152 1272.2622037500905;-181.9380687524308 -1174.7502471531054;209.617494727986 289.55411465449197;-953.1311781092022 -768.1296928474151;-1635.316623388964 -621.8506550742723;901.5287792745489 1717.9302187989533;815.689961375258 1737.3973246131018;-715.9203637663015 -34.71175925883517;805.3829388817717 5.345429124050497;199.4063372123178 1152.214523494793;-370.12542822707655 904.946145766688;2708.6078895167693 -1666.74289712346;-1887.4063842093494 -495.81588206446213;-2719.697610147086 1311.9011768130772;2436.470636821272 -204.09821314260898;-1795.2468858945308 -1494.1025453317445;-2184.5116765152097 1252.9458905287834;2487.316181414927 29.18403239229474;-1672.9179898039345 -1145.0426058353858;1351.8640328472038 1203.0384416898387;-1276.583164044911 -1501.0813693752707;-835.5841543892548 -1960.1354775914922;-1850.656905475739 -670.4469205241162;2709.610985562167 991.3587560044261;313.02176664056833 -1881.958650322168;428.5695694505198 -1663.612632628103;2131.9794628894406 1530.9662569977008;1478.4261764852126 1281.6660125168132;-1115.9214304740608 -2155.6113525957576;-511.73218788178383 -1061.8720480998545;-1510.165378257394 -1992.17655526226;1699.7300342311864 -1409.538816400661;-2208.992453598041 -145.11228832887855;237.89573947042618 1602.5024000865378;1119.073905231247 234.5051335642006;-1854.9057400448935 -27.74938927102312;517.0883214487376 259.1399709356915;2315.202167836994 1367.8403845965358;1847.1749534128594 -1024.3823376691462;-2173.98753906941 -338.86855980535074;-327.02470111601906 164.96723011901577;-617.819288947263 1566.1685579531477;1684.2788997197795 -2206.3656129771025;-1916.7357544400757 374.5447681705132;-1267.625167706382 944.3272058914408;327.595533234236 -386.65856442900395;234.60737641016703 1367.7633336809613;-2434.351434456125 1196.5098211865138;568.915984715401 1928.7242243492983;-56.757166184473135 -1346.3385087729926;2331.430285920961 -1210.2360110462582;424.75406961989347 -2070.4162193136594;2042.2510862330637 -62.55777113104523;-696.0784440570183 1818.739622217473
0,80,2,GA,1.0155062587661014e+26,74324.18445899937,85.13548535426666,nan,3030,3030,0,0,100,0.0,1,-955.6459207127552 112.88942886319501;2359.320174647137 -1697.5827367359836;-421.3542601024096 775.6898171729076;-688.310043453766 1040.8181000820327;2573.0182569964836 -69.55509821033456;278.87045676862544 65.54954028443308;-2284.685305936856 -463.28187930335844;-915.1830423470342 -1675.3320070762745;1264.070108435093 435.7023629444352;-2276.0600428058083 -1210.3762261259697;-535.5086848436858 262.3329426428377;97.4017348533921 -1669.6399999569146;414.9970135725348 -660.8232808774233;2682.274380066656 1507.9266442943945;-2346.5156056283695 1101.8540212078592;-1720.06399455555 1818.2644927942756;-1388.1151916650579 42.1538741907043;-184.24942944454006 -618.2152654215515;-2501.4336703836843 -1161.9498174407372;1208.911879564816 -664.9518288544173;-1105.775827537285 -2174.7715534252343;-1581.4596065237197 830.5869376647665;33.062696203884116 -1067.0984606190466;1711.4667449209574 295.05037391982614;500.0233620944141 -2177.797877878382;-577.1829025684365 -509.30649295347075;401.4734592295713 1403.638412761964;-2070.249284555941 939.4983501983661;-431.3006964019023 -1258.433070654317;1697.1055397410983 295.73537299311556;1638.3480368174187 -1839.590286858574;1667.5119535822641 1674.863442225148;-1733.9231487564393 -1023.2050407214881;-2724.7799354880917 1913.8254466844855;-1350.0768750898415 916.8994518634277;-1500.8079317027366 921.1941408426201;2585.6166631771002 509.34764345272015;967.7523390885385 -1840.391566744739;2470.2487190014126 -2088.7130210734717;2409.7461442789563 528.6902435893712;1282.9265190733045 1103.0706689363078;546.9077928776924 -1114.2731176027592;381.7960998471408 -1801.219699324679;1632.3233171038773 45.9893411348321;-599.2709558692095 -1725.448807357697;667.8191997364402 -1859.3069694030241;814.80159060716 -515.4242246877643;-1582.6722057007898 1444.2143150200418;615.4378375074898 -318.7094761319895;-2619.8517923266913 1082.7153512739756;549.1513658178842 -1593.4526816570594;-2340.759050224101 1038.838820146153;-2556.036298445353 1323.4616815885965;-923.3197384809639 -1177.9595658311594;-2352.644875544404 1415.5070328647962;-167.40689267436937 -1867.9744701498416;1663.327881120591 1601.220166828578;-1684.8776874897203 -1230.2865985879205;2461.187994062636 -1336.404416324321;-936.5907873668218 304.3600873403161;-2369.4361668552797 -1618.905771122377;1472.5129575281317 757.7495053398034;-159.80340926308463 -1393.3236633646777;-2256.0797031242428 341.7608226488255;-2085.4521971998097 -546.7944270273765;-1192.9456961987887 1184.652817977717;554.9028025107136 -243.2124493070969;1374.2852134573477 -1119.5485358541644;2725.6722411667924 -1228.4350009438565;2027.286589986943 -613.4863156489364;1268.4257472688696 103.81703950293422;1408.727946772141 -1730.0985368280922;-547.4227225509358 -2360.55866040538;-216.49481478271628 627.6026488665339;-1817.6269875686646 -1770.9562579825285;2034.2579346648781 913.6838206558855;1137.8918700358186 -759.4907817301989;1837.2743531396727 1064.9712279157748;-624.6317374521445 -946.1697371755643;1355.1116416708783 1126.7064609920362
0,80,3,GA,1.0651039401738971e+26,76128.70957156239,85.13548535426666,nan,3030,3030,0,0,100,0.0,1,-1032.244122206135 1787.171506435012;2153.112094921791 2224.683799344203;1232.9605953806758 -1080.1023803836943;-2500.7120288409533 329.3412942281793;313.9724154552614 -1124.058403929761;-319.1182093517982 -1813.2316956655764;-2048.231177137616 111.33247773618086;-1031.445307993118 1102.481200810058;1360.681410226608 -605.8188457695151;-2513.8822334947795 -1348.271898937208;-2506.88317349047 -551.8165427127833;-1240.3861924262246 1164.6553603348466;1658.2855957278098 2006.021281709709;2351.8788960520205 1280.7513168982828;826.2474063352879 1881.1114586962549;2022.9887359888608 197.8989881969046;1261.4722526277465 1490.4677815743034;-530.5123491821842 754.5882016705509;350.97113882269014 -602.2474218605234;-1835.2222562953486 -2276.242813014269;-2321.225169485097 -1486.3515700438884;1439.869168256011 719.3259259018378;413.8615258090431 -1557.108216924124;1970.5488833517265 597.8052938649153;-2323.737168174964 -2293.446426393537;-888.6994450859099 209.06151701596445;-186.30119310297232 2265.4081023058425;-1775.408747227291 1351.8223474454144;-1813.7190916592858 1998.1552079687717;-412.0278824037191 -647.8543321005723;-348.9553064176457 814.7400041491474;-459.45234095286105 -377.7952481172042;-1221.412336513088 -286.47912587979727;-910.1914771383365 -44.22407457723057;2663.695611428928 -582.024261578089;-589.0536499109448 238.38569261969496;1359.8381046552186 -368.1047458951084;-1619.9154256729262 -1025.3088932467874;1885.5982364844922 740.9985878492648;136.72397190118636 1423.2545891028913;-499.2524812376446 -1943.4789666884985;-1814.652202106387 1527.186148355955;2480.784859982292 112.67749511021566;-494.80493801065677 1135.2900490661045;1068.4991449852546 -835.160880180749;-2443.6385949582914 739.4493197332981;-2178.2404764700486 1853.884296703628;-1414.2405520474188 -1598.454852511795;-2.6408689391428197 1745.3243913723572;2478.919411495508 -1440.2399050204194;-2154.2707332853975 1194.5201143766344;-1826.2159175968477 1621.392464922582;-65.81268493391508 500.7140015226737;-1926.314741848801 -590.9336232443748;-2052.201497319481 -740.2667899338044;913.3096477139106 -1117.0011973016062;-2641.2929227480654 -1212.207366691073;-1914.462063104174 1031.1246366377063;1288.6930756281054 745.9668667280512;-1582.1551002356252 417.7895368801569;-1365.4521692598084 -464.94765719116094;-1484.2589100649302 1911.7868108498296;250.26928487515988 -1607.421509399719;-2277.0606421358907 134.94831753601147;-2553.454612453323 -1240.4748343215049;1356.4711718925337 -1431.2450861282057;205.3908436345455 -1065.6169803570647;879.8404545486496 933.432567208496;2072.7005897779454 1512.6082866849574;2218.8867561507395 -1788.6617429812216;-2006.466628270493 -526.3615902858542;2565.113233880108 644.1803690410725;-1732.809515993183 -1452.8457751111914;478.0252446236782 898.9186757138918;-2728.449694461232 -30.784772420492118;-294.42255331499064 -1519.7975829856932;341.76817442704305 -28.360238780936015;1843.634012767253 -1892.2245823425628;893.8964629385619 1607.913391777879;578.9587473837341 -432.7655999097624
0,80,4,GA,9.994314956038805e+25,74121.65302621301,85.13548535426666,nan,3030,3030,0,0,100,0.0,1,-2510.7783072085685 -1728.426256741801;1957.8886128191416 1559.590354177144;1878.61608801501 -1305.4495797590978;2588.2645499291593 -1935.1575229041591;-1093.676802128884 -41.19382005307489;-1866.5308557009682 -1648.6826830284415;-1707.4322628451405 -1544.4893783428308;2038.4456470476807 -1252.4332118217344;-1924.389911202601 1598.8034621911556;1145.1670753786302 -1900.8170825043871;-780.5994840365001 419.6047179353668;-160.95811136958764 1503.7377698422206;277.74229453458156 -184.8311337263226;-2142.6811480562587 -606.1578573547631;-6.838283232500089 68.8658679587088;1702.1541344501793 1789.8237375218741;2678.811679051193 -469.7225369590301;-1613.5480560540893 552.2814491081995;-304.19643365528873 -1829.286976794325;-252.42499870071788 357.1901354959123;2438.258413211396 -2283.6265462343754;-243.4411798947135 996.6135351290782;1520.7952198711955 519.088704178117;-380.8392147156328 -293.7131858467533;-2404.2997102750633 800.0410298782908;2419.7459321625765 92.30311583301591;-2370.4584936364718 1231.9383996697802;2311.0395562297454 -315.60716557689284;-577.2399823652772 -436.28786750454583;1221.8218867749824 1578.4293331262343;-383.9820572006911 152.07318422599883;2637.282132309434 99.05386751801825;-2603.9439538559286 1076.6220731642288;682.7695210713068 1316.1313702551447;-33.705420222002886 -296.2679593641624;-1733.684604475945 -512.2562520791885;1093.2413780351608 1081.1682932982244;-2189.006687398448 182.62091473901364;1062.425686650508 -1550.121953330424;1311.67284624301 710.7898889450194;782.2295078678867 260.66657289526665;244.1798559477893 -1929.1211418332402;1174.8579790982553 1029.4535505979447;2221.9416297598846 1920.2259322810787;145.6488408847108 1284.9293399512808;-923.3442189759703 -770.3830136052156;2309.1500094391686 1042.5671914905479;1773.7524088854952 2067.8101721342573;-934.8007450759487 223.21660251312778;-452.77175463381127 521.8208145319545;-122.09337738091745 -1933.5636645616187;-1948.8154310456207 -9.803002460118478;-2493.9584556652135 1794.496439387276;-2435.565245038395 1929.3342287181722;300.518955773317 -469.49599066809014;2051.000543474449 1182.6905171522963;1448.2838434993273 -1853.1029270838717;120.77131433008753 163.90606022253178;130.22202029289156 1883.8642372041795;-2469.7196022335715 1309.9570396504823;2596.945278910228 25.37290620848171;1625.714348777964 711.3535830534665;-2577.6229688995013 729.9140928549282;2169.5176710809365 1546.455460557202;1508.010253766719 899.8291125079236;1408.4920764949193 2020.7308916213951;356.8097355875957 807.865977208859;-1011.4513386096041 829.4841951153717;2623.3414034146763 -1917.6995422181508;2203.0023542700865 2221.627053666988;-953.1486713671543 492.84522349224744;2113.9358147108405 1114.8895659338496;1649.8964417589596 -544.6758891547074;-2194.427530440024 1231.0026489851793;1573.2287175296988 -388.1401217203247;-1141.234876362153 -892.2815315690125;-597.6570384081901 -2266.1300579805247;-2416.3850184760163 -564.7541793430901;18.228587484218224 1428.5507319094795;1267.0650814329852 -1436.8806836232773
0,80,5,GA,1.006336392980883e+26,74969.46341092356,85.13548535426666,nan,3030,3030,0,0,100,0.0,1,-1235.56967025957 -809.2062998120816;154.71176682358373 -1564.7357600101052;2174.391809147596 -949.1592072696787;-2366.5604850794502 1446.9225079017306;1930.669910894112 -1615.7488075080698;-1505.748471784296 -495.29439330067817;-2158.618250254788 -976.5504341871147;2333.566352412443 862.4790724892223;-903.7034244876675 229.2693578857843;-304.69776744449064 292.4424760363263;2214.812989354011 -563.9110479777887;1157.672814880486 417.8041389292239;371.9084170058336 114.11882848328969;-2595.9172335896155 1826.3304418409334;-535.7827427464435 1993.8276280519667;541.9281988070388 -764.7624455993794;-2316.2663916555102 -776.1360727283061;-1614.865213866085 993.3393297532875;-166.0443317601571 540.3996379813725;-338.47774695358703 -1907.0562678306578;-945.5970968990616 623.2985010244083;-1087.340707163502 1430.9065446152035;2012.9237664913499 1456.9100766186084;-157.12503075496443 -1903.1986293755167;1054.3180044045776 1529.2621385532857;271.67829797853483 -1550.7379476054562;-291.75290774709947 -1638.0708221242942;1063.4389644469393 -610.4995701150274;-1101.3422624452187 105.16227894414578;181.94489077428943 -116.33780007484165;1359.816889161034 -1072.0461625177104;2210.50607864465 -1624.4093876729419;-1170.5139235013376 1194.2730047164478;-2506.6205365583983 -701.0007934419782;-784.6353446579465 1037.435049903223;2250.1263764414552 1252.7073960996313;-2323.314987356224 1834.5588257698619;1230.982201095621 -2305.995102982794;1142.597858875156 1618.1430570412367;1206.6668154692197 381.42644250858257;-1695.4678827204702 1442.9745624817306;-12.95875970748466 -1158.2078288835219;758.2371941012566 -2337.439174503629;-111.83899581488595 -450.9331760300506;2331.081426898054 685.2662542458716;-1471.6577832647854 2158.943155208636;1904.484115216209 -502.6904831505335;383.8003202685154 -1389.2212189350764;-1779.6320187527776 -1788.547754777838;1278.5133910091827 572.4307147841241;2487.1595246538254 10.794450260170834;-2140.272520401907 201.96817709502375;2082.0678954340738 1116.260583830585;1644.895842365866 902.8814287128171;-2289.7854324494497 -605.6321068887273;1174.5397243599614 -232.38142578891257;2198.021782890164 2203.4758507972147;-2054.322495744788 1915.1332756830834;690.313744420846 -1058.4675809009002;-1017.8072466188735 1490.0382802201884;-2379.7340540532764 -38.2959396981264;-1581.361051569783 -937.9311432451473;1109.0471145528322 1073.9396872402567;-718.9253773250621 1380.5890763011766;565.5047198172501 2123.619666070076;-1469.1234789945527 1653.8119280590063;1719.4895701183523 1072.2477895894162;-991.585053901576 -1241.7735871901934;2664.819197273254 -1303.6462016380858;2125.086281663186 -1343.0842681062625;2127.867207468171 -819.5753827423534;816.9402110902997 -1686.5038050987132;1751.9027637767786 -28.229518505093893;1088.1878863331785 1914.183732448273;2153.6819896263214 -1683.4254289246628;-37.380754292015354 -232.80715806755325;2725.860765359751 -1941.2756140151992;-1452.0645363173066 1570.2565638261613;825.1942545125062 1942.0917933789706;-2350.4781465650344 210.3325922323943
0,80,6,GA,1.2144949167647807e+26,75266.03971889717,85.13548535426666,nan,3030,3030,0,0,100,0.0,1,147.42496339660192 -2096.84699212381;465.4055969578085 1987.4864507876928;2463.742241684372 2069.4268130290184;1444.405527536518 1940.7648621407207;-1303.1924102579662 -1143.3398761864212;545.9514894736894 -1963.8030703595616;1405.8743284082302 -887.7601817624789;-900.0979329380068 -1917.972735509165;155.44597412517442 -1780.9683933404049;-1577.6102825682674 705.751130849259;-1469.4429772128174 578.7411794539562;1737.0426834937025 376.3845358213025;2398.3551441546015 -590.1878137462427;-998.042831031177 -280.95492738082066;-1608.0396646652166 1278.0804727210802;1298.91050017932 -1144.9078321954644;-2184.3727855284656 -764.7317489085381;-1284.7149155619165 -1980.446461538261;-875.0778260288455 1221.0904021265592;973.0397468818819 -1137.3869001917408;-2411.9485773814176 177.85841232150824;-129.76482573310705 -1996.1343553856468;635.548658274402 1932.8221997698001;2666.275867207807 721.6959278607264;-2439.2414802369976 486.50648381081464;-1626.0481003246618 244.94641619482263;-1907.81006026152 -1886.4156455487691;-1790.7692141868451 918.1140886746748;1281.9141542009725 981.6773700381136;1072.4553174847365 -1438.1652627233073;-294.05846966626905 -344.2925833482882;1587.7172865603861 1770.034264857588;-436.5463197757899 -637.1459741806325;-1418.3262879134406 -1704.1841110730952;-1017.0020266643692 1696.8948153089668;-2538.1532964484977 -465.14743061145055;-129.65081373962903 -563.0673186494791;-2045.413020162328 1091.7386708723147;1527.0056491238392 953.0211800808474;646.8721778686445 -1798.9599877058276;1785.1183974892929 -1496.9134694785328;992.2165536187799 -905.5619493654667;-2522.57390570788 1483.6511624888026;-2415.420373648728 -1662.9926010517192;-445.80763212514466 -1949.9642633898038;-2214.0284549582484 888.7261841501972;521.9821916243072 572.8275380014434;-681.7362048108248 844.8268835398967;94.90604377304271 -31.703703323237278;-185.27875715539722 -958.7527331726476;2324.0182179843987 -1976.2377800593727;-2379.3179998075475 -1624.4695339054924;-1342.4845643826068 -258.8703335268124;1161.5193202565852 -2278.3190676800227;-2581.9682655488214 2109.5987127259323;1352.498533440942 -1660.2008639054163;2740.2273814501004 -1322.9446353351789;-1081.6653147618633 1493.146738485656;-912.628155405705 1079.8856377561997;328.4817923944429 -2143.6269383440467;1070.681600475254 -953.124612173559;689.7380227351259 1587.3357073547313;2515.1292832248364 -739.6305580651003;2573.592507956125 923.4751083645642;1686.4504029860736 1849.5973382375214;-571.9187674331079 -623.0072818969757;-802.0363328678916 -1801.3351937028915;-670.7484415786516 1022.3284425998477;1554.0472754138636 -448.0864944209984;-61.36994258182631 1987.5587502819144;316.81674505212595 282.55502428051386;251.1266693820644 107.85860085060494;-1683.539022115305 83.7696883474855;-2107.0544145264976 1965.1639971429822;977.8754148678368 -680.309772953728;-763.4022252428206 1645.6587081508005;-673.0579056198558 -2277.4268855233927;-1705.0715566678377 -2371.9568125031074;-1824.0663208717067 2028.3463090328733;-1834.0100018987018 -1969.4636235739463
0,80,7,GA,9.789691775264845e+25,75685.78194538695,85.13548535426666,nan,3030,3030,0,0,100,0.0,1,-1539.5527085718006 -1109.974820906713;743.9315074288211 -455.46619041081794;2449.042425894373 -1664.7177783414681;383.78265544033275 1167.0026352330624;-2114.81761836872 -1167.982616639853;-187.53970239369528 -16.018074570341923;995.4685707648678 -650.7732671495369;-266.2714132793485 870.9633422842353;-2414.72922861533 -1044.9124448737405;-800.2940915815275 1074.1781069111348;2691.1667030421086 2065.6898281702443;-2206.1877536912752 204.4006562275531;-2050.6714714051905 -1790.4033688352283;450.56849465893947 -1826.744791773755;2135.0402477314938 -1838.6388092847994;-338.0480660414669 -2049.2978946485687;1033.962615168662 -1753.6576389602387;-107.5023862025314 1960.5589068340323;962.6921644236768 1014.1761600788286;-594.4671378099706 1160.1996196338105;-1361.4900266642408 -298.5075279148491;-2506.0694942398864 -969.3205578281165;-2050.7170456031317 623.1593281902433;-2314.4787352265894 171.45098330480914;1197.0511416182844 -1189.2037385746173;-2616.826145746831 1832.2842276623542;2281.3399901505236 -66.2623663475606;913.1149428452491 617.9597197353464;-834.9082617586773 1675.903969234233;-1110.8263335944614 386.2485194781011;-713.2369104651825 205.8801095224885;-441.40754956391265 -97.48286804126974;-890.8798080416293 -1773.1030294868037;2305.5252865014672 -862.7685602749546;849.7950374135485 -319.98404102837685;935.9809802740447 -1459.9495451001897;2296.3769488917924 2156.2158890649907;-2036.1899614779472 2031.3004966477229;-615.4118238279284 -1439.4616261081699;-1976.0405173177405 1397.4805503096668;-1109.7548811581175 2133.354494872243;1702.5953025778708 1912.1523557504652;-1676.9658061024065 -1731.602212621724;-2501.651699740981 -303.51683365416966;-232.68018912369507 2079.4539943349555;1773.6490342245688 -1758.0165941877526;-2651.584976755594 1975.984842208747;2466.029703555603 -1114.4385992078207;-276.9809422799385 -547.4174953012284;-1461.872777935395 2051.6165171211387;-2033.0041850298917 -1789.0121972004035;910.8339503326747 52.64284364765945;-281.1161932966611 -1839.9099832339816;2080.9624512983355 700.7103385339024;1424.881577891184 1801.190309746019;-1874.669844804362 283.5458236192071;-1527.6176634297067 -1170.9244004374052;-1845.3520346165656 -2317.9534633738;-2460.3847254999664 1236.8400015606858;1497.244723904054 -725.3993128299289;1422.6142095167652 -904.6817248432988;-640.3540155450469 -1253.0468862235462;-77.0995910256288 505.4372321885812;1661.4175539625912 -228.40962266781253;1391.9183562664066 1353.0838138304089;-2747.8878367909742 89.94722668465283;1070.7091717889052 177.4116387521908;-1968.8070648176945 1671.4051647451597;-1057.1796711688426 -392.4592039407985;-1884.731258135599 896.3231810724856;933.8416280812248 1449.847632436161;1984.7852196769936 -768.6112021060303;2250.899178057365 -239.3733159557696;1502.6780095794056 842.8572482835934;754.3636693410372 1038.9523990716102;-1048.7119656575926 -1738.3350275345845;350.8007072924752 -690.7970923313383;-1281.8992457095753 -773.7813684941182;-73.97991339203236 -175.4972177179243;721.9320645525427 1501.3069604301572
0,80,8,GA,8.60087046007498e+25,76276.80084857871,85.13548535426666,nan,3030,3030,0,0,100,0.0,1,200.22822284195945 2217.5593272498045;1706.4228954251348 -2083.28835224698;2719.7857097253973 -2114.9213191470067;-573.1090146365432 -1301.4614775386267;-534.1823786438254 802.3416667006791;1474.7189289706084 1083.735887325648;997.9542731946171 202.90788497444464;1417.7101885727188 -1671.918502246271;-2661.777532901974 1816.3013520405511;851.5523999703896 -619.9435641404507;341.29514486590733 -2093.5368837053397;1698.1533901145385 419.02881374775416;-1751.6487312064492 259.70041281964177;1041.0795514048618 -2184.6958628569346;-131.08571044743348 150.8494196003303;1520.8024942992106 -107.23226631669104;2221.3884670362377 101.62442799719838;-2063.8636018843767 938.1784203030516;-1028.2766254243897 869.3212761781856;786.9414602131724 720.2276164388991;1140.1097525461173 889.5206817178159;-1222.3823613359718 -415.20845575446174;-2388.0284914102394 887.6634375611961;-1290.1037547031451 -1293.7583294419287;2267.007836721248 -1929.4715355238664;-1794.7548268989835 -1447.8193897488595;-944.8825290619498 -1935.0524862123348;-2168.917656246502 1704.7638092812758;-1223.8299329786712 1495.7972625513767;-462.90602810217933 -966.2701309717866;2227.144770508671 2175.6342065035433;40.76487047716091 1560.5413467280505;-1251.468905555656 1542.3410421934286;2405.3103046539136 -309.29311316487747;1782.3932314912781 633.8426022780445;-999.7088399084403 1388.3185178100312;-222.3421739376463 1746.0954447010463;2724.8548002200687 -1619.1003933501017;662.301742255017 2162.208160864415;-992.3003543596494 769.701037328693;-1652.1275502322512 1931.8656397920058;-746.2190957464504 2077.6497392419924;1918.3654824811647 1782.325327793813;-1873.4735441020898 1012.3476233947463;2475.082604039668 -1371.3494849453807;-1281.6242884884323 -2104.82553359528;-2600.5410288580056 295.7984901624991;408.7158695770195 -2161.1497390474647;-853.7921630057633 -1587.4225399279635;-167.1959478588201 2171.6986521540857;2737.7187552303585 -707.832958458795;487.711990477932 1323.3087181734732;-444.12617637726134 -682.600607352485;-2002.7416224841686 1893.0806760185278;-392.856560213565 -346.86692023220075;1345.6850296506072 -2007.1543766075026;524.0920101481233 -872.3420092309893;1247.9279381597066 -1776.591833575195;1549.0912551920555 1944.3153088463969;-2635.0777743974013 578.1744220762262;-1696.6923625866114 -496.48667009345127;-1352.7729770310345 354.22606322205957;22.14747904865999 -1908.9341305902053;-1190.9640397236424 -892.5272947553945;-129.29273367368205 1318.5830894523647;951.0328518405076 -1601.6075374661352;-1933.3487998531875 1015.7250931771723;2442.404169808123 -939.471629329629;-1521.8166684812784 1378.9058924269611;-1137.758539280051 -1727.0675307676245;2113.8613361246034 -242.9225638488174;1018.0391917884235 -946.4459683753769;2187.7915221820695 -1211.8242938852372;-352.107226488607 -1117.7126254884604;-1660.227485082001 -824.1802714797009;1488.3540639790872 -224.82538402976525;-2548.904991468256 1349.8790371375735;2320.2022798837615 485.1743734075926;2549.0659245354727 694.8731111184752;-1131.9885745361455 -181.48948980700925
0,80,9,GA,8.318660603855298e+25,74804.4598980913,85.13548535426666,nan,3030,3030,0,0,100,0.0,1,-647.7867187608354 1313.2942180010132;-1217.6041179330828 -1242.3222253254762;2428.4182989933997 -351.75670962240474;1219.4970530597166 1649.2948865503258;-2531.828367650788 326.4981909735516;-2402.888425680392 -1000.2481766876597;-2131.2661785315368 1942.3994423381246;816.1634501995322 2135.6283156653735;899.0387946613373 -1892.3390188778626;-533.3038745418626 -1012.3289439679281;-2382.6162145965245 1476.1163374268217;-2721.0081613060493 1885.158080864192;1336.3377384237774 89.76956306147031;2182.583513558102 651.6914419531945;981.509451175235 28.230717998253112;-1160.9231228270796 980.2301721377316;-542.6227387041704 834.6922190348996;1907.642591971041 1795.2289117502569;1941.4541459797283 1118.717935681078;-407.7057151465574 -1685.53955120184;1010.8131562918397 1983.4444942674863;-1850.945215097532 -1807.9621338917782;-1743.2747358894196 -250.99465191972604;-923.2735328618542 -1330.8136531216758;1165.278974902964 363.428656714766;-76.82998277384377 -1096.4738427797922;1503.492600698456 -1920.1628745372393;2465.2126915612434 -845.5492161787004;1555.1048248851193 1430.3672758136008;-929.948892691227 840.7011699345121;2350.0726743992473 2134.8233721901306;-395.3448656520932 -1819.477083692651;-2028.6399116238551 2057.05571196877;-1377.6482258617584 1451.0857467155138;522.3899516881106 314.4929145968772;-1612.699495220619 1047.537728795347;-2138.2997615744116 576.799271955425;2429.831160773162 -838.4788210658667;1712.088052150816 139.45227747747958;-192.1014315355169 -1349.3979243827685;-630.2682245839264 -2135.4532183842557;995.1994531926284 -1124.600094058891;758.9762028963523 -1668.350983018433;-340.6129307301235 -995.6206747179574;1789.156847581341 -1032.5834076845103;-651.7189791186074 -1396.3017228202789;217.38810846921297 951.493124297202;1836.213504845202 -1251.8540046586872;-1833.5532723367892 -2271.7609037504644;1709.0617827894266 202.32459238043293;12.141236106609085 1267.4150392862362;-565.7981949028017 -1331.3297967719159;281.1222486849915 -1655.1175003233254;-572.6796990659109 1591.923539726572;-519.1756983889941 -369.79899214120996;-2177.5432555688826 -87.85505677155425;1012.8096867823106 1167.406571098736;-481.44512467195364 -262.4932580183536;313.72183646164103 -582.4657588352829;143.7808353052933 1975.1866719282662;379.55737895485254 -1905.777678361247;540.0125506977847 1988.1167054986745;-600.1105107165699 754.5861129261116;440.5615152372043 236.148452730391;-1696.603063470209 -1343.0214895958527;-1760.1750059956044 540.7702169490813;2711.0597357464176 -1361.7206124265429;2356.8890930571342 547.259603170643;-1283.1948977213694 748.2813573154749;-97.81379924154862 1361.3734093953308;2292.029525765296 -18.263193683960708;-1050.5817314691385 -671.4062908854744;-1568.391045410005 357.06169211674796;-916.0371280420832 -635.1298655473402;2189.2960254855852 1666.816179787841;-2310.5178469623606 1249.118655909745;1051.2389183417508 -179.5406645140697;499.52324617975546 137.8805314063561;2439.33217650774 -1718.3444567157255;2309.9600585964763 -1326.3115858148776
0,80,10,GA,8.3997860306618e+25,75457.42008280184,85.13548535426666,nan,3030,3030,0,0,100,0.0,1,1820.3705058685464 -1690.378014416491;-188.09430452299102 -1278.7989925389134;-1267.4220340009354 -225.59913625979425;-97.72542357455495 -2081.2357252926313;-2495.493159626188 -1172.8014691530902;-14.946493434811146 -1514.8190457458988;1808.8034150421709 997.8121079192933;1478.5828277510973 -861.6426748125277;-458.89499278094945 1833.9362388170402;-386.6983611658461 1548.696355136919;-1953.0781266169938 -171.37015957623908;-1599.292706048584 -599.5437189760764;-52.77053142781551 805.2867584907731;2186.3248172109597 -1547.9382440277777;2147.740040748319 1954.713414343768;-1796.8951086404165 -2198.4113643459345;1051.403398673453 1959.559514556675;155.68226582315992 1794.481344227721;-1028.062832118215 -1321.9092791904602;1623.5912592798659 -1710.9016534825025;-624.2585975937518 28.143340219251968;530.577222348611 -1373.4318609912525;-459.7115330130937 241.1448855586541;-1003.3105865565026 1511.2051926583954;-2506.433133566347 -224.63907433173654;-1528.0756089518122 701.2641499450119;1874.165495927432 -108.349300372563;-1722.9559857507184 -430.9415774429867;-1028.4704353652912 1263.9030464374628;-1062.4446676715884 -987.7522438306969;644.5041957040921 2278.481923829291;-796.5873905220669 259.66852234445696;334.09482600275487 -1900.65536555678;-148.97758586323607 1098.5461261253781;-927.2691900810576 -816.7281519975184;-2437.620582920001 -588.8213837042981;2503.781865656366 -941.8801273463714;264.74332846791094 -1539.938536061977;685.687389327938 1648.734229983973;-2382.105761376633 -714.1870765416381;2403.2279564842966 -1974.6948251401523;-899.6145554008083 262.38992471607344;857.7525479648607 -642.7983298515155;-664.7436528439807 -1187.0286323881817;443.7385071642061 609.3041023841693;227.78247199231419 160.76680514752707;-236.75341371852255 -928.033839180179;-2721.1720645933124 330.0917185995322;-1212.2090220947798 728.8242339052217;2704.507838182988 -1291.0917958153034;1402.8883241750773 -324.84258257201054;53.36055330858426 -158.007655352259;1309.3077990829097 1114.9956108794977;2421.337936754583 -1887.7671383889672;1591.3755478462044 2026.0837646500268;-296.2072058539875 2086.649854635617;426.47415364155813 1876.8946039680395;-1232.6071282938444 126.17358552334099;-842.8414590831387 -1217.9222351342132;-1231.8408979055819 362.77830772930656;719.9874996329418 -843.3103127901802;1355.09158858718 -404.0261697272049;-1130.3081661589044 2270.5807615517797;1706.7596529041866 -485.07712800378704;288.96185237612326 1044.1477109642533;318.58479782448285 1589.9133605557226;-1579.3991336231923 1848.304066351775;411.09319604401435 -607.1040269915261;2212.3784368362876 226.730832580482;2087.160465907209 199.24970527253754;930.717513544444 -41.14095621179331;60.765813119387076 1630.0605853628813;791.891010450589 108.0048629696239;-2613.424270762285 -352.7552354444456;-2002.1690818408174 -2122.8644490452825;-2239.232528550814 243.71003202453403;1677.8118815011776 1137.4985137567978;2716.3724359808466 -507.92078512348417;122.18301581452488 -1231.4801221809732;-27.535149952099346 -475.19029317096147
0,80,11,GA,1.0074592278361044e+26,74722.93868584727,85.13548535426666,nan,3030,3030,0,0,100,0.0,1,-1339.8111106122117 -320.967517719188;-1236.1274770374 -367.6498994711519;288.61886005559836 -1938.1223632834706;968.2576154968615 2076.415461812011;1300.228040178646 1731.9339421250224;1367.6784891299903 1832.8107444247962;-1072.6464803733115 1643.752761868026;-1414.8928282831703 1076.8093211458677;-289.4825093049976 -1572.7893543097834;1607.6802586845315 827.5019723200526;2702.2379902297607 -647.8254433219872;306.928096494948 261.787983841034;157.61290257755581 -1570.155781746994;-465.854517273453 -1106.5597696667528;1966.8309874373317 -1799.6245899312885;2324.427516404926 -858.7720381423096;-2245.9517012211127 787.172462971485;-2597.523978618552 595.5842272965924;1080.9704533856457 -598.4698597065844;308.22798166650364 2050.3014523363645;1353.3287564678058 -618.0900208354415;2045.7925224822366 -2223.7801278207135;-202.16365926850722 -1449.6371247401682;619.9728716013028 102.96225441084789;-1566.8751675456213 -2187.270330031065;-988.026899361867 -79.21251393306238;282.11297009534974 -1426.0146200617423;-1777.6226225821754 -402.92179186580097;1818.1680120827032 2032.5741169204784;-1516.3878629782973 -490.55712570828246;887.5269767057503 -704.0082204642704;-1000.0925857770128 -573.114629778956;375.7945862230381 1018.1052602723312;2448.240383926586 427.7887481718135;2500.1659230813 -1924.4110873141171;599.7728901710398 1725.7416696948285;-1811.9958858860386 1090.7195287891782;1690.3260539127705 156.40516222213728;-1909.4525616327874 -2525.0883612657085;-499.0020589294718 -1086.2616624096197;713.3816847528619 -1444.4759723243371;-1324.0995098697954 1666.182156243778;-2476.8739723653075 1015.3773711473968;168.90442618760608 -407.0296567902242;270.4983969039049 -626.9744336752387;2168.8133120436387 398.0087886625697;1378.200383093299 364.42802785549657;-46.84335959729515 565.6547236347897;-643.1863591433453 1905.745704008562;-418.85457034281717 401.3477439416238;-441.5390604000686 1754.7503674053514;-899.778713988622 -1299.930509594914;-671.118326564902 -121.30500834808117;-1808.9140992885868 -1710.179701633499;1185.1835109661884 878.7523009382808;1351.2901076835878 -953.5926061122402;-2304.5071991789655 1682.6250936829992;-831.7902247298227 584.7033904177233;2057.0687578674388 200.75892355254382;-14.913329840203915 1689.3131536643969;-1845.1315717571608 274.39620288334527;-1641.9080940019862 1248.0055792088765;-2657.584604472306 2062.2543084584895;-774.7234347821268 -1047.189292519096;-2384.205157557648 -354.045629294254;1432.3140848337898 -52.50338052449251;-1760.1740227627024 639.4497465240247;-64.3635848542458 -580.9758816062363;2062.102627347692 -492.97456187023045;1813.270034261208 -2032.8533558655286;-346.3767490822938 -505.7328877486302;-1741.701471720558 -1456.2713840709043;-1918.6303381509751 1335.3540994058726;2403.0799012681236 -959.9752129854398;-2649.364058523964 553.6984601085701;821.6994683629309 484.3270376781652;-2395.793540282726 -661.6724845784383;94.59669333282591 -1554.6862343302255;546.8383345494149 1412.2131417191677;-1014.1502083693599 1832.1852040447675
0,80,12,GA,7.126188499292995e+25,75688.99584532464,85.13548535426666,nan,3030,3030,0,0,100,0.0,1,-474.1557432047093 -614.7402895161235;521.4279753392357 -1845.4610393661817;-405.8156020288816 -174.66390792593393;-865.0670249454747 -1650.3628011261826;1643.3653944596817 -1941.3748548901935;-2358.7887664855643 1140.6099639627496;2303.6411026872274 -271.32818881242656;-2073.5907653863937 -1890.5973301223785;2748.685204844879 -1350.0711332697338;-312.35871622874856 -1233.402622295085;567.5943832128128 1085.981818224459;1500.4292339720341 588.3617237468184;-27.08888139721512 -1391.518867519134;746.3173434321156 -103.08189212537172;-1570.827176000029 -1538.601534083157;-282.8417794081897 -1365.5959896428585;487.5742430183527 -2287.948695112197;-651.4527021579866 432.8514645831756;-154.17635922378577 -1228.2340231186436;-1064.2823462162637 -1333.5686247864019;1833.8297249931938 -312.5776907563454;1348.2019462927783 -147.43100900053832;2280.613235620607 1895.230263401455;545.0523032683391 1923.6524463968772;1006.2632164754368 -848.1392069096985;525.4540757348873 -600.5281191092436;2255.975695049232 -1664.1863709843465;313.3536054496217 1063.231234880514;1327.2619271566555 1300.6154447199983;-1410.3373548382515 -888.7453174173422;1384.9482972243768 -1694.4130873955883;1773.1558505336097 -786.3782801504515;2178.202327831351 512.2267424712168;1857.6321847623776 1135.628857754613;812.999316438706 1067.7941911627372;1458.9691831494265 2093.1067463529416;-2335.050429791046 -145.42740839098633;-2467.124792798029 62.92716736798957;638.194194057573 1635.1125400145092;589.689222643302 1443.5955893564987;1224.6444389751741 -1577.5296685044596;-2031.5280080123753 232.73459789365506;2663.5670617201176 -1884.8055295094427;2171.7404712892994 -556.6374422147974;332.6618711017991 -1658.4252630560454;2350.0319361566526 1316.9879906828187;1072.3732330773255 271.1152966998684;192.91714974687466 -1595.8400968128778;1418.0022109735137 -2054.6160265419453;1961.7411022860633 -870.6186269806424;-1761.1065279632564 673.2859262899156;1774.4812974109673 917.2164910706906;-611.9819380008853 -1855.08503160187;-1788.8327912858863 -631.9419732042857;-795.5407140594848 1427.7980169763096;151.48241339821334 707.8829271011891;300.88551228957476 -2036.7135733526402;-1414.9533978213071 875.1537472235577;-2593.1952266750022 588.8782267498614;-370.83067952364945 -542.9813627411736;-2503.8503146079397 -1499.7766306645;390.18567321450837 1798.246153211183;1079.9363049187855 429.88738050178654;-2381.77964456779 1484.2672695213587;-739.2315229835506 1872.5059081089084;-376.0978696834063 -1580.3985643916787;-1564.04034453212 -2264.5515216463814;-403.19629356422683 967.7960534258809;2188.869274509142 -1141.7320394504914;-1787.705633294887 -1813.7764840726818;-1845.6099352209326 -490.89199644130304;1419.9913572812384 797.4012868568116;426.30593424688914 342.27115088222854;214.31515736619122 1008.315409925086;-157.3592133336606 662.8128974171482;-1244.1319625901683 1002.3330677999161;2416.0846848166266 -1036.009616560754;814.0958487610219 -316.98394972204096;-1086.7234956867603 541.2018850132117;-1567.055183564076 826.1357127815918
0,80,13,GA,1.011426886908475e+26,75245.06171970056,85.13548535426666,nan,3030,3030,0,0,100,0.0,1,-1410.4649080105646 1118.777431449043;787.7413665913323 -992.1716742135295;486.29026783977315 385.8808898431603;421.6955392100276 -1088.5988589932429;-966.8397956394615 -1965.607403440854;1427.5587868387638 -1720.2999033164708;1645.6957433282387 -412.03975066254634;-2420.2582043458046 -1370.6025944401347;-964.7712542901163 -1383.6553111228404;2623.435065017524 1414.3512692032664;-1645.6045033367063 158.7107924110096;1084.5756480842424 -1219.9301716976258;321.53733261994375 -1481.4005018566133;-1619.0266173487896 -1984.1248114041198;-1530.995992151125 -888.0610118634424;-1889.360417445735 102.13710557091372;966.591042384724 463.4624079693385;-1463.875200656638 -642.1341225933957;2525.4478256411167 -1291.7603028419553;94.9713011597837 -600.6402132673388;520.9223027478952 -1744.8528078317504;-1260.5648448823897 -243.6789617575505;1959.0717416854604 1029.7341726343361;-1634.0315227066476 481.4565286406896;1756.3423675061304 1247.504209474956;-1419.7576889384488 -529.6354485494344;2069.39004344734 500.7416148009029;-2733.7712612466307 1156.8883353727651;697.8779764273208 541.7914497980942;148.22780328174485 -1718.614151259215;-1241.9762630105542 229.7811744156861;-201.16829994394493 -1754.7468209533179;-2526.937120132461 -459.9234936741627;-2138.683839194255 -156.33494271923428;914.8873843163024 1663.346243889543;-2589.5675243849687 1642.3395055364272;-100.20928019688517 -33.97497522550748;-1353.1958513859167 833.888467910534;-2341.957962743305 -847.7317479218925;1951.453243141612 -2143.1580272057545;-2543.067358455263 -1620.3377714730568;2323.9524547419624 -2062.167453835524;-1496.0618603549945 1886.773834553952;-2551.3002991882763 -511.66952482419083;1947.793942409985 -46.28056585473951;-1902.9801676823556 1285.4328113459414;-334.3672332672927 -2183.7609215309258;-432.28094139625773 -2118.4043333902823;-262.02026805479454 1791.4383277090956;1686.1616216767306 -130.6912414029971;-2579.709353868292 696.3534294754486;-1309.734600129384 -2049.1178793645113;1846.5841831449197 -1181.5317000858277;757.0359325594814 945.2981492727617;-2212.5017077693483 -578.8123251921011;753.6439344122091 -1591.785836314966;1682.8132320934628 1035.7458982026847;1122.4926351713825 -2330.1623883308857;-1458.923088482944 -224.3849798247088;-26.54960659243352 -270.1389169799436;-2190.544131515276 2014.4001056181878;2240.137909435917 -1919.7561974617868;391.1734089292777 4.990376541118621;840.2875981948655 -1871.3504970916508;-1636.1093407592266 -786.5632358042108;1880.0511428119153 -949.8080646450355;1599.7269569858863 129.947113587657;1432.561447483582 253.85794412201267;-25.022038116441763 -456.1431122365166;1014.0197455624539 2174.3918582356137;-551.8729138334456 541.7411140684144;962.4397943491999 123.30371361400285;2520.9882413215237 1453.2043426695009;-963.2452480279428 140.89229688904652;-1875.3014228414138 21.907898534699143;697.9245475902676 -594.8475268501843;1787.035795512058 1441.8535549269054;-104.47993150379398 -2055.912798782736;-408.0782875672244 -1809.6987211457763;1592.107960858545 -1168.2662206199336
0,80,14,GA,8.797309011852025e+25,76220.45650028624,85.13548535426666,nan,3030,3030,0,0,100,0.0,1,-110.11522130558296 1073.5877634205153;2513.45938147944 -1614.6941293045318;1790.877145246277 575.4083606099266;-285.8541911420143 737.2350385411796;-1191.888983033224 2056.752310179976;276.1311636516916 1069.350819474505;2579.7824969069616 -428.9879532168079;-1075.708301618678 -1574.1799718168513;-2055.6591232955793 -1054.0387165801412;79.50239814640418 -957.8996878636244;1219.7864510285908 2011.8390943356535;2364.8598562169573 822.8661537594089;-2125.9437533891946 -174.03954862095406;-235.20146501518502 1710.3793000170608;752.7371358639034 -517.5236776347629;-594.4233887155251 -1103.8433031133898;189.40945686600344 -564.3911795967915;1173.4513623628136 -1708.9656840070515;-1252.1964819559853 1564.659360698297;-495.420692581145 962.0428549636767;2064.4477373329064 -2218.673669256771;-696.6505090284923 1533.3678610977722;-168.18640370613957 1389.323745487647;-1068.9374371894635 -585.4574345530696;-1808.6239191337645 1173.4908810328334;-1353.7858582094073 115.57204924492544;-2754.5641657066476 -1241.1736883882024;-204.7569955749268 253.89335073578695;-2602.6173219398643 -276.7862058605924;1590.3521208153516 -802.6476931223622;-1484.0398009728617 2020.9541500115502;-1544.1826152038282 2223.576399166074;-485.45225068820764 -288.0088097567741;-2593.210044154709 1688.8627119386856;839.410513206431 1692.04561835404;1268.688550758396 -417.8514569809695;-1918.6221555846034 -1931.4717342452022;-1124.1573792549616 103.98753393442712;-1817.9239963954287 -1587.2475555150488;742.8497326314446 2264.1216232516745;854.6059469156226 -1959.19760052337;550.4974086883335 607.5848972275771;281.4039366921461 -1643.1087642202667;-1108.1204008904772 1678.7886855867482;-1157.0765083959327 345.1291606677232;46.3912064248143 -263.62165881220017;176.2177782157387 -1974.8147982397145;-674.462571477974 390.055995871076;2475.659402908226 -1152.2094888567126;-768.0516208989172 719.1977047875093;2010.2147415482386 2063.418938946881;-1609.3822783499852 1982.8219327141887;-2564.4519994207126 286.53516558792035;2158.7036772127003 1840.825867062711;2452.8203634525007 -481.72119162211357;65.31574346023717 -1704.0489321206633;-1600.3226523226847 -46.96833797279214;2333.7672309918407 -1033.2918391065627;731.5070170026206 708.517900507788;-296.6537303800533 392.43084536158995;353.80143784536995 15.641497690571668;323.6129510172882 -1336.5117723720946;2140.692253997672 -258.84688170037;-2716.5972794521267 618.5357964359828;-493.9868212200008 729.2205626759114;-1017.81939762256 844.1458639009647;2077.7398882500493 -1007.7722004112572;1873.5826645365341 1440.5219872280022;1242.5236195986536 665.2411230193934;-2394.176407697438 1084.8534743988116;-1337.1844894726687 -510.4442336919233;-2306.61263341383 -2092.848648552422;581.0272895718172 1301.0628919172323;-2363.9986713390726 2191.3217576401094;411.07334139384284 -592.0778662035573;-1076.1668090491776 -850.7281969493913;-2470.8964726074773 -1578.6386585596506;-545.246422109205 -2073.514621016601;-1000.3070854708562 -841.1473091079931;-2375.932274953957 -32.0320085123376
0,80,15,GA,1.0243862113463936e+26,75872.66908200854,85.13548535426666,nan,3030,3030,0,0,100,0.0,1,1255.4906461466544 774.5706000211353;-371.39158447167256 1877.3518250708266;-1719.6786688390007 1125.7000695447277;1687.68825351533 1180.0859530684697;-1879.4852994993876 -1141.4782628861317;-2476.280084978406 1649.678520541469;1604.1387248448991 -1773.4400064513711;464.4298034320541 525.9270651877919;434.37489850004386 989.3959201244711;2119.4314075014045 -1074.0473962650913;2076.5244238212726 -1686.472244229609;422.32784549488497 280.15311854113634;-1214.340927371205 -899.5952361357363;1553.678256628502 -1047.4733136602465;-1146.8898634788306 -1900.636573889668;2598.455159357285 1135.3954966330894;-2349.15883742846 -435.3398370398736;2362.4690391463773 -1924.9615659396463;-2554.547250781467 129.92306541599737;2263.8330305104246 1439.8185548931924;1677.3725422765037 -1821.401345899325;1273.4400488653268 -438.55152257914506;-2272.1542100595448 -1643.9304855091702;2340.910366411602 701.9261104389143;-2691.5379427669272 1686.751080748155;981.9200070342126 -1479.4564297960424;735.0076754919119 -999.2552179906857;1061.4191074275082 -357.2522470896579;272.24603793012557 -271.1923149027184;-1723.1207560244386 -1857.334950527545;1839.7484995303384 -964.0581319476814;-2735.6857943946125 -18.453501223920284;-2726.6817011392886 -322.57129515210136;126.15203460095336 -2031.7537952765324;-1982.6807296935665 1419.219119516807;-881.8528710347807 -551.2405301506556;482.00865916892735 -1089.8584506432076;-560.4874529314679 212.37058518793037;2181.617660788952 -826.2101676639256;-1971.2221398953234 -477.81387388990834;-120.1390167638242 -2277.322477653982;-348.1387214708466 49.88218120891088;1412.9950356270756 -1498.3696472720924;875.7422346014705 -1517.4875042945469;300.73159159156467 1117.3071236595592;2276.01488977844 2019.2939090414839;50.41548129331477 1675.7413872463185;1212.4961009463982 1658.4557862840993;1409.779471241597 2037.2832913771763;859.6462781549262 -2250.2384693076524;-1121.3963864574002 -1324.0958980015384;1619.1994377349329 -917.4454059478251;-746.9208440234306 -2142.0514887384707;-264.1943468239606 316.0631160254734;-1479.673705115435 -1925.420535743844;-988.6493077522866 1076.0313114633827;-1635.3828535928126 1414.2049185470887;1627.4542725446936 -713.6030662416026;975.5324051395801 -462.4338665441792;2088.322553267455 1271.5991625385977;2105.269890385164 846.2316165796774;1481.5676843862693 47.74505744201224;775.0387573408716 884.9240959053018;329.4716866479048 35.91262103900499;-1172.4530642162063 -215.97814305659494;2664.787787826932 1039.1447179440074;-681.9638252073569 2125.716822451848;92.3202034845267 263.6334898626319;-1950.6441032316584 -879.5244432484988;-842.1656722625517 1355.710572192008;2667.708195753282 -1424.383992882122;798.1516090568616 340.05305226065957;253.86098737964858 151.52250056056482;-67.70115684562734 -2039.55271157982;962.073603667212 1930.7314873174819;1592.7094058906896 1848.5128865990873;1545.9565717093756 -2226.3274413542254;2426.9519093636436 -187.33726973741204;-2275.6067142437046 1185.7696205958841;2662.93202733166 116.13108812332712
0,80,16,GA,1.0633798865523835e+26,75332.09342536778,85.13548535426666,nan,3030,3030,0,0,100,0.0,1,-771.5068045321452 -364.5838559761828;-87.15819927106031 -1853.668554874363;2364.660181126812 -2080.9553674514154;-1607.431831881189 -1178.125636255561;253.50394416048812 240.63073012565883;1241.626954638779 1640.2774495374433;498.05514574353265 1752.791311855327;-882.8944415803387 404.5132574754889;-2697.660954171623 -2237.440632904301;829.5626710493834 984.9491952504536;-1590.416419496579 258.9275788923878;1151.9551740873408 -2130.35781470353;-2511.902592166166 2203.607365719431;-1054.681618233749 801.6113266673215;267.5643579943667 953.5316395161394;1005.5972471957734 -888.300479427533;-551.2317978969627 1788.5266265530418;17.294164980669848 -2227.000615637635;877.1769161113316 1606.6274427563858;2652.880486564647 477.43447053153886;-1746.8600514907307 -1283.240396604814;2115.8658935820613 -199.10946380360792;2033.004365096931 -589.9914620612572;-2398.0743533200284 -1277.2598794297458;104.66452277224198 1779.331472241297;-1227.1295240631837 -777.942897124768;2413.9837930202584 -682.5325562399958;2157.978284907884 1826.8947559416147;-2193.85210689021 -1681.6396595107783;-641.1480505109403 1428.4706866446923;-1409.8688000263542 1940.832925096519;2254.8774229178916 2113.1443203523295;-1489.109533608931 -613.6424818766445;-1182.988990675985 2199.5394391852797;2029.9084569780707 -1066.1051627324237;-613.2743472263769 1151.4151813427434;88.25662676200227 1040.4152219728858;-1908.043980834055 1660.355305567312;-1968.8263591294826 -383.1154954663075;2241.8896231368635 1265.905340810039;-437.78855608388494 -1248.7322436951442;1799.2443293012411 894.3437950490697;1599.9194360158217 1565.4527827188758;-360.341395133094 -1754.768732139394;-245.9668747165524 1774.3610985883424;-1329.6898076935233 1863.5110131373312;-2030.5203616062274 -1950.629255237815;-1543.5766175528522 1147.8532948980724;49.91979545370668 -960.6665905835594;-712.52334398373 -1431.9235915700326;-329.2340047998705 1101.7611815789382;-969.8776027228471 1994.3638782531198;1850.9863256005865 1289.7054149839419;-266.2386236276302 1779.6007216617936;-358.6265108406101 1231.3226104189985;2419.9508824774966 -175.3023947006095;-1782.2257276005207 667.4156913675442;-1618.779396646465 -774.176705198367;1236.353742874604 183.25962975835228;972.1893011053126 -292.11960859749297;1957.9919096516905 11.919139521456145;373.95113650714757 -546.6440279150852;-650.4454916276659 -1129.2412000263819;-398.4108244870049 107.5956497066827;2557.053011922211 302.8004431525733;-2369.106412825068 803.3618525133793;-1641.3399922835106 -2197.7248670187473;340.817053649178 -1333.706415057128;-1110.0505028288967 -1368.9898093786499;2258.9010951544533 -476.2471900113751;530.2183524589191 1235.1167816002067;-21.346125652994488 -325.47123756678366;-2397.438547673095 534.1403714132994;323.40472684024326 1513.3017583966102;-1014.084037037627 -421.6114187623016;-2716.965320795367 136.5831129065291;534.8468209200041 1359.3330883659428;-718.8186337009081 420.1238484939108;-1424.6724127632103 -212.62716731630144;91.47546335084189 -354.0228107646594
0,80,17,GA,1.0554157226596719e+26,76525.30394900579,85.13548535426666,nan,3030,3030,0,0,100,0.0,1,-2436.966623493726 -709.4613852332832;-2273.636850080703 1670.9695174551944;-1664.179749863778 1897.6410685918117;-2015.2856531691402 -1853.977284592205;-758.6517742408312 -1426.6314684934644;-1502.8026918443204 -1406.5459063845328;1352.0414469133357 1336.827886875199;-1323.7338267133534 -25.3882045561395;-2252.5933091943343 960.720748465621;-119.3452987796727 -332.1852807938071;1384.810493989512 1846.2218210510464;1124.198942750781 -1284.7532388125674;70.05427553503341 1412.2207323638304;-1557.0780055634123 -2067.5339144408167;-707.2800598159724 -529.5456888766848;2412.129204711091 -839.1764471561085;2608.211683233946 -444.56109985796684;177.22005492979815 1749.2721933495277;-1565.6858104685525 440.1194781007125;-2002.5980888886456 1678.118187789396;-38.04799566925976 1952.3633076355845;-190.93981282311097 -61.11655276576357;765.5520382206387 -1088.6989939984846;-1753.443877496111 2000.2527822704442;-1730.287921657368 -1241.1156689677075;-1.1424227266729758 -868.2691780681616;2567.751110842025 765.9921878419746;-1558.4920072901525 944.8526187573248;-189.95762515203842 739.5551193862511;-2243.7026457975808 -262.1322990288663;2307.288474289874 612.8305673915684;1970.95026367237 -1944.2153480008233;1768.8296503819392 -534.0237298676702;919.6627674952952 -2141.6653226147273;986.4531057208687 779.9998900984601;-646.6811543994631 -709.5235199596636;-627.3688429200251 -2064.707579332753;2711.8413783575543 1832.3166545497252;925.7355192318228 -1804.0931378028354;-2667.964686899565 342.8850015886528;-1647.712728352628 2207.47714570476;763.2003100157626 2002.4807973245252;1542.9906552819239 194.49219280064744;-1967.6315123110844 1075.5812596124201;2200.0320665709996 1375.349732426298;-2271.2572467341847 -1764.5690237186857;1609.3860355368279 -1948.4924550884712;1947.8493168463965 520.8093421068902;97.58887176804774 281.34081034893643;-974.3897137497249 2144.036118243709;-1090.82095333296 -1999.240520943354;2277.522314805131 2196.300139997701;-1215.164926991835 236.67991371784956;1605.0842017725117 1304.9881877057096;1702.6082403047049 -1070.6137053251932;-2512.7020358899485 1300.13261049329;1456.7753680614214 -603.9556609209199;-2154.2335749705035 -1474.6894096968492;2230.764072019814 -1918.9145399187692;2449.862630650312 -1245.3779153077496;1641.561602320834 1355.2510461647544;-1290.2087453804054 82.57337607065347;-1653.0889391227058 -292.0824135263597;131.785718697824 -675.25335317502;2404.3458015254055 1604.3929580791391;-1571.8906788070713 -325.9394646092769;424.7785395913352 2396.715927286019;-74.1858904452456 -1666.8410865601925;100.30093814027578 -1426.1996969173285;2327.9675860256975 1397.4095687993877;-2677.8363808776153 -173.09571792696306;1851.3429222823197 1112.4130310638288;-2260.3347057743495 -759.3050432619555;2293.129084002994 -1485.794218561445;2407.6191435135543 -1693.499672831101;-1018.3913236877033 -1830.5939113141576;1582.8784739595267 -283.1812694052114;-475.30997299382625 392.19967432180374;1856.9770200021812 14.717825610808177;-1270.169376024694 -719.4712922717233
0,80,18,GA,1.0512599112404358e+26,75370.4665538796,85.13548535426666,nan,3030,3030,0,0,100,0.0,1,1888.030731170531 -847.4649469325859;-812.9114029948269 -821.7301114340867;139.3115895006831 -787.6568450727355;1139.9255321758892 -190.33912398420307;1085.153917771126 1154.6514878022608;1101.5760662534249 820.5958358204052;1689.9500117772814 220.86447466296022;741.4241067462563 -12.740212130612235;699.9148392906659 -346.9767418082906;132.77215927671796 1996.962415316114;-2736.62628712487 1745.3176894692378;1760.4048563237575 365.729966463472;898.7351477483721 -967.3499108311398;1356.7576836507023 1319.2875029055613;-2738.761607725741 -765.465180402417;-1046.6452830404098 -651.3025456733644;-2245.5960452164663 646.4113987036349;-487.81927276668875 -1227.720923463249;-2726.4144217474236 1553.9194412558;1059.7496776420958 -1509.4984501644317;1665.69145361781 -533.5340512866937;1968.2426999351674 -49.92848974079743;-909.0265466161054 1839.2284927671262;1831.3189730153845 -1826.9171040983733;-1559.9571746792246 594.9746191082481;2366.92588863332 117.03022652430491;-432.34759625833567 774.295000854378;1559.181727152648 -427.63898103236806;2089.2268758247337 969.7295475734145;2252.7606487365147 -711.4414860105478;-1586.9214102010612 -1220.878991024241;-1086.416724433126 928.3417302372245;815.8078633846362 1028.1750036129074;1747.660665679974 1148.0323816724954;1120.7607731497442 1963.352917645916;977.956990156023 23.456807169264266;723.3826527420388 263.44229969724347;297.3385747013467 -1917.8768174462143;-499.12000715599515 1031.5119478318761;-1985.2729505615243 1720.5864869336538;2402.7255495127683 1017.4167251208569;-1579.84408461624 -271.96761469060584;-263.7103028886504 -680.6442688626239;1264.4497005739508 -50.837749256791994;2444.7103538184383 -541.5345161699024;831.4078247453872 778.3086031386556;1551.3304527141927 -1784.5771953064814;716.0892205760861 436.3334773990414;2156.011766282735 -1904.5169415593768;-1196.819820976744 18.736267159116323;378.12284910543895 999.8339890933858;-2518.543558589386 1352.921031602381;1135.0131932303516 -2129.1538556485093;1796.1814602849836 -751.6607943853467;-1477.4551924056177 -1632.3014375157077;566.3202160693882 -1217.2029210546266;-1025.261707677802 -1970.0086525603817;1586.175634823414 -2043.8047519914635;2675.7568545203494 1859.6425205197238;1837.322312701218 -609.299717338241;-2256.562511526505 371.42058237983247;-1962.6045077274148 -780.1969324679799;2354.1941382751975 1925.5236541461827;-815.7879417800955 1231.2969292267044;-1286.2776015476243 2382.2609212743964;-1507.3187333493008 -392.7609885576976;1693.521593683844 -386.0002651466739;-1044.0727758638184 -207.20329010712794;-1260.090222769354 -753.8228361028964;-519.15291730851 -1057.1130903937376;1869.221515644068 2344.2887110641086;-746.2781494351761 -1335.4062845448857;2063.4093405150734 -866.5370935226019;-166.43656255825772 1663.56708083807;-385.74677562218585 -1857.8512817626788;1295.5206781227762 -345.03918248943;-192.21136043919205 -1022.5018617305641;-1732.9244231359683 1089.4797393439503;-572.2079018035661 -1650.9618942969905;79.61553747695734 -1118.2891803362893
0,80,19,GA,8.865034861588765e+25,75224.40327611605,85.13548535426666,nan,3030,3030,0,0,100,0.0,1,-757.7033959160533 -1870.2472032380867;-733.8312714855801 1151.4361902041032;2298.9878345271663 1001.8491560583689;2604.6282070288235 -1053.3204771733754;-1923.1375026993633 -606.618659783825;-2076.4273549041436 226.2383882442482;300.5414870122613 83.34083518621037;170.03607801430144 662.9477996523588;596.3668825253817 -2094.042449776172;-837.8677109333414 1767.7228896049992;-1836.346082671675 2193.1013770037753;451.5300238840132 251.0786990110587;-2208.9752003575154 -1003.8298997509232;-2626.546879654464 1574.1022394020802;-721.3239907804991 -656.0477100875578;-2545.6274825470828 -1176.2520450280456;-585.8920894970465 -844.6475214792408;-2234.6078184559756 -22.43960666316252;-1745.9181226950368 1609.8871913477751;430.250704097989 -398.7626139183353;-1.814684986309203 962.0487975085598;-1317.7697552512589 -1607.4325240449216;1318.5142983463434 -522.2679341279577;-1294.2042033905393 1463.975108986302;276.0717087710318 -1357.0965922699943;1468.5067140693645 -1208.8270797335588;-2533.033036252567 425.3842642795976;1688.5046663192597 897.1308203244871;1577.3670633474103 928.5388789283757;1744.4042335073636 1938.3683507472379;216.6497512566034 -780.7278814286769;1415.9441043424185 4.958774453136812;-1246.6259255931168 420.0678715222466;1119.8582690774974 -502.02906714596793;1254.6085316510948 -966.6364334485272;2509.385137737204 -808.8472404286026;1823.094702383075 1133.2928601813187;-2036.6858236869994 2054.9941289084045;-232.4829786192936 -1354.5523720536623;-430.9894805322865 1330.2331247299867;1963.268951218427 -211.2825863285234;-381.09660669433924 -1345.669916431691;1654.606208890199 1301.931361140464;1112.9208544550265 -1180.2374267967307;-403.71638922308784 -2037.0247019335563;-130.16591545638312 708.1710990252991;-1109.8057312205956 -1722.635338837049;352.02466313878085 728.4829976922238;0.05942735376402197 156.60351378485302;2508.4526671826798 -736.9670522264371;372.78831413080525 1478.0165188430283;-1146.5693462450033 -1124.720974579628;-337.564457815919 -586.8259335674843;-833.5436400549067 984.483155511422;2091.6032469035727 165.46946552638929;915.5734271396441 -1782.2673542217412;-349.73103352894304 1455.10589595067;-2682.6963506935426 -376.79748339455136;1849.9483706270448 345.05023196699676;1447.613928077747 -1099.3823155045668;1440.2920287968764 880.1283267663484;1097.5495961465017 -1363.5230558297467;-2501.46232491702 589.9031237976478;2477.287978422266 -635.5582534732248;976.998637860303 962.071936734199;1804.9939593880026 -1698.4878244967547;2197.478014860354 -2151.6085135466237;-2407.4299603979453 -1857.6175426249984;886.2253383844918 -1368.0978968110342;229.2398742775399 214.19246383046448;1112.9691127166761 -1578.1302891741682;-89.88440120445466 -1717.5549420438736;-2434.3472898343375 343.54744341029345;-2385.098767189612 1780.133508654836;-2336.219615202221 -2237.517829169332;-359.5638278821134 17.284429803491093;-1233.9040761467998 832.8275561025916;2408.1895882161716 -52.04170325850055;1075.5378868950525 290.21129210353865;2094.7740231602456 864.1457962961613
0,80,20,GA,1.1097400941734564e+26,75799.17431013726,85.13548535426666,nan,3030,3030,0,0,100,0.0,1,-723.3949206052923 -593.2963669143519;1581.1496249846887 -1721.7645438957545;672.9388853527289 1042.1447171957652;-664.3394688452358 499.1798850641853;-956.8062858061785 -1656.5106606626298;-915.5218800425475 939.962501230169;426.22811840731174 1922.058662573616;675.0205959427894 2020.4790259550782;765.1186467601278 253.14867194771568;-622.4411620947894 -1484.9602981248038;-11.12229103939444 1234.1744489610505;2535.0128728186937 1229.837342880045;837.1847412900511 726.2763756474665;-413.17202190495254 1163.569000310802;-816.2854762355312 -1934.041944733403;-306.5891279393095 -1471.0416862257675;-2337.436899365412 -1782.4085442340674;6.401202738801658 923.9505282441241;22.55392155822483 -41.97036051692248;-883.206724213142 -2407.062224760683;2432.0581987334153 -1866.5014887567236;756.6906403516523 1437.3863371448952;-1598.086691911246 1208.07782448827;-2223.214756119335 -789.6309405856823;-2481.332421889573 195.44681764360257;1179.8034550932016 -1996.0131175845734;-1164.00997296167 -1778.2609856329186;462.78960712947855 1572.2654452416991;-1365.766209424495 -2191.043971189668;463.06313271080626 12.383370429723527;-2027.9202531512728 1100.64612381276;-404.2826113532633 -528.0600586138821;1997.6633719380025 -503.94539191693366;-650.1570492502206 871.1541789245603;2318.867439983178 -1121.013777688337;-2652.4696437272005 585.9368838349019;-1679.5830831795838 -2055.1095614026763;2275.4385243262586 1553.4603083639668;-2263.8770842252443 1389.1219336462982;276.2686495249177 984.9093926630512;-1954.625827649238 -2034.9179678632595;-175.5300963193572 -2144.397033099035;1137.3165148298135 -1804.1618463315772;-184.61823523835756 1273.0557942807359;-1860.3893854235052 -1807.4042505822226;-2520.5092221964296 -353.84545142240495;-1836.283439411251 1485.468162725184;82.72736293746902 1423.1368269943932;-2028.3657434018612 -2170.071790985954;-1283.378789201701 -1193.2199226386194;-1771.0715289720974 -1182.8386415213217;-1053.5466154964727 316.14951829630854;-93.70943287619957 -547.9420155035364;1548.2478757922754 -1499.380069056951;-1938.2338693019947 404.6526991621354;2083.111926596891 1918.6536985795638;2363.7949790589555 -1345.529177492864;-2577.468368458128 -1912.4789412024456;1930.3998627257033 -2014.9590619114242;-267.74143294371333 4.622467340784624;530.5405687272028 -683.8910476713054;-1634.5991089449615 -1885.6450462366436;2663.6455006434126 -417.6314203673128;-555.2114188036803 -1792.153682233009;926.9488658520572 -594.8422141348619;2468.2757839125543 -390.39549625471864;-203.800016186422 -804.855254063438;-2479.3228837770307 2434.9342784390583;-392.5774630623364 305.6446898225713;2007.1218822320516 1437.8669727712804;1403.5994670093105 -973.3284763666943;287.0014544186679 -1503.811546151782;1701.8287279392025 1313.9497818618847;-563.0865194683684 -1515.0724373913858;-153.10625456669004 -1263.7052755370469;-2539.6163755018524 534.1733569753619;-1718.6818128148138 -1606.6875373583239;432.64850159067146 -2155.07032849864;1021.0496717809829 1724.6225768174472;-1739.1123062643314 2083.939823882234
0,80,21,GA,8.265539942530919e+25,76000.30548364707,85.13548535426666,nan,3030,3030,0,0,100,0.0,1,741.6245550528633 -346.37441726234283;543.2582371237313 1637.0618202673922;-2571.330483812084 704.7184297583249;1307.3069201011467 106.41005641634956;-2581.0331012697993 336.19188534773184;-2357.167922743326 -81.42634627576308;-1274.5073800716468 662.4392166612975;-24.85513256688955 -767.6008000216959;-1838.6050291644283 1513.9439981268551;2609.5610014477406 -138.34043471299083;-426.9401509202794 -1790.8674385948595;1688.9481746654146 -1585.5409331850694;-2693.1769552129035 2214.696538851261;2695.8789077896245 -984.8601921387176;-403.0926392226943 236.2481834276182;-2510.811480500914 188.79766615616882;-2370.1780767844116 -1741.037734249568;1981.8222066041017 1403.6985489418912;-787.1646343250914 1631.1110327058632;-69.41929686025924 1519.0410497760813;1512.2578866394624 -270.21752191771293;2572.9322598595227 -1062.213512630906;-2318.559338636827 -735.6770748858653;-2745.6848153226238 1932.605775750204;1666.4499233185297 812.103145934123;-2679.618260082783 -103.04190831023561;1773.8449522863893 -1712.694562521085;2545.395076537533 -311.6502653580296;1631.7443956427214 -2221.566190116392;-1960.8941014664938 -1975.8501578470323;-848.9625846159981 1214.4986373319775;-2603.0888286118384 -873.3400640300708;-598.2647522003922 18.13033607024863;1830.1972287765539 272.51472613212263;-2199.515946889933 195.85922501866844;2004.7198157229632 -2052.605783715439;-1996.8362030865496 -1379.158029969506;1925.1177903644048 1451.6825548638326;-1212.7647875958216 -1684.2747068377232;2450.143330779276 -2048.123951176636;2491.2097816750374 231.1859819793999;-1714.1682371905251 -1143.5213373501815;-255.80198773831626 -349.93015239820534;-490.2147369731929 -546.4898688235407;-821.2546605631992 588.352183603416;-228.97568770239786 -1833.7321055039702;-413.3888807984408 -475.6873980083633;360.32627716007573 -1057.9057901951;-585.7306854795415 -1787.5893725932165;2145.8386321688768 1310.859438133839;444.82065212284533 -253.6424909163834;1016.3357363864852 -968.4781806687713;2354.752625152706 -1050.8230572486195;-1083.3332240873908 924.1779830705759;1981.161904528184 -660.4710904002723;-1401.526358187831 963.757369968599;-830.7293035378032 1669.9988814959206;-595.3773324067251 -1228.2905452355203;-444.02782654376233 1690.6454321299334;2218.2343124824592 1790.2662714801681;-278.4861659043381 1136.05880890139;1966.7288333595106 2024.9674664071072;-2047.0436687179642 1125.041716588472;205.9088976113203 -1909.4082733457806;1569.3087257227553 -889.2093439242999;-1319.9701283611573 -304.8543340948572;-679.5103228067351 -1609.156025528053;1873.8667558031038 2301.501916185566;-1251.1207629527973 188.57724875016856;377.5771080162067 106.57117772350057;1287.9793701814583 348.3782898268578;1158.4203727625209 1775.3855418421808;2343.9618639965292 53.63659127189976;451.0296720087981 441.35532241760257;1941.8114268189292 -1920.2376450796378;0.6792086229515917 1823.4200656797648;-1549.7958099647526 1338.4898790870511;2264.052782791475 1494.9781942212512;1256.2777132104288 -1929.609553944696;-984.1126936512196 1404.968631410623
0,80,22,GA,1.0229636938527851e+26,75358.73859814269,85.13548535426666,nan,3030,3030,0,0,100,0.0,1,-1067.7808826838095 1134.4368051294887;-1409.2335423566958 -2029.4278315938147;-1079.1678226893307 1996.6273737641823;-1194.3190300161898 -1274.1611532127743;1506.7539760482696 -384.37000611514895;1819.21556712471 1864.2212707658637;2689.01133655543 -1263.400849083659;-1413.375679586635 -429.6784883818477;-1557.263380495104 344.44639542032473;-728.055077391632 -1654.0982038261343;-1612.1449708783828 1980.0155192964585;2665.5029905235688 407.89013029304397;270.8393697218803 -1312.333432212385;109.61394713031405 -1930.7751885087896;-742.6129584626699 -644.418124099951;2301.730010060948 840.7026133440845;-386.37052836881594 -987.9141437700412;483.1884414175556 1227.1450622450866;37.300931883110934 2051.36587281883;-1092.2024305238017 -987.4669986579206;-1854.9517514550248 428.1609193687473;2520.113274857352 -428.23242784406784;-267.132614855293 209.670925496579;2294.937960612442 -1240.3187833800812;52.24747910326187 530.9801407784585;-1700.6615489240803 1360.0155977836084;302.0809441310803 1860.1321747207076;1405.3450300399818 -469.63296345347317;665.2649104581919 1722.7356411458113;1885.2636138517883 -444.23515643304654;-1848.6892808504256 147.38387552733684;2105.092133770918 206.86222943928396;-2677.886382396698 1502.1077146428133;-1627.5668002231582 -1124.600879410155;-1332.653583299066 2072.605762652516;-2728.654011916155 188.8480242486503;-1998.3637060515848 1647.2194955553523;-74.73809713541277 307.87532412743894;-1231.9397330186416 -462.95041066231715;1051.4639162628628 944.8235754040561;-1301.5224740799617 1314.2971198490154;2461.17540155384 -772.7082227560975;-2630.059736968053 -1761.100765023114;-501.6618224453114 -655.6191385378952;2054.1854503145696 2089.54942497532;-819.5583547545764 -136.44438945219554;-1749.841056624121 1969.6470701573726;-1764.363820020949 1500.9312004299454;430.3129225370144 -985.4257554257742;-2142.925892598445 1125.9033607190731;862.3548565650381 -1508.7807360927522;1243.1684129160803 1322.9862686080164;2536.2771388872125 743.3204253358376;1691.1626053341934 312.8988862783608;-279.3482359384666 -1446.7059634437878;-1948.455090884288 -1794.5306042423615;-1989.7385819813562 -200.96393062716015;-2312.225736617111 454.1819936379284;-2428.6574376324006 1012.3772956199346;-1629.206190900584 827.6743198537733;355.4206306245046 -1047.38548394045;982.6496221872321 -1404.033167463369;-1984.8831572754389 -1084.8769530248646;1561.8222101851088 -1503.1004849685594;817.611648259518 1046.880179120783;-209.86209882773755 2375.5506895180315;-2532.1975373015252 791.2974364175047;-516.1548107595381 1576.386781052488;384.51677118868383 -818.9972111946686;-2074.036115289822 -2111.3147390113504;-1704.9043312421604 -2168.2200321828373;-163.72508121241208 478.77363271432796;1575.726541313492 1737.337587336986;2585.421054508417 109.38589063595509;406.5717266579295 -201.55648368387347;-311.09638251303386 -1477.6263760647548;-1306.2776554096415 1429.3952370806728;-534.3063309670947 1754.5388123199527;2246.2914127182876 940.4387772718796;2638.3409741089044 -331.45271001445326
0,80,23,GA,1.0208216528466726e+26,75543.51215069782,85.13548535426666,nan,3030,3030,0,0,100,0.0,1,-110.89449415530362 -1618.7891393735497;-919.3075869473003 -1143.6172630108128;2289.711778411989 -1584.261439536329;1400.185786135271 2031.1042099074848;-2574.391384149799 779.9632810998683;-810.2426037478408 182.73810051049804;-2198.3734091617607 -1613.6709473058213;1719.3128611957036 -669.661150538328;-1653.5576000820924 34.990009728776386;-385.23176909036056 -858.2793156314115;425.36904480628573 237.24140427308703;-653.6124929144075 -884.3031897723233;-1910.8141816130042 1428.6259297189008;105.11322404552857 1337.1942183978872;2097.203616623131 -1878.0019893169824;-1837.8295532026318 1822.6019771461533;-1850.8718437582957 -984.7958189035076;2425.546215359085 -729.0728387928702;-2422.5936321451195 672.372009339128;2586.6282363674964 1273.1789325429077;-1564.0511346000667 1998.8325213243643;1871.3511413273372 1176.3581951722863;1328.0605942295729 1061.4999669043927;-1014.9241840802895 1993.8049578181763;394.49880412113816 1133.4180729215736;-1305.3836567468086 210.50081061026503;-2144.8603428592005 1312.9532891846138;-2162.2603062722656 1811.0458701620046;602.5756667646428 -1277.812710018883;-1788.1104218356581 -1829.9624478259948;-1053.9216118355273 -296.51256238741826;2131.5133341924384 806.6594574814089;1922.2507175034025 -508.986266361434;-642.6531242968103 -84.24480212332674;480.1013986979897 -2194.296689969982;1987.0209500266428 357.7653668513335;941.6382024739955 -51.355284588053564;7.339625198046178 1005.7466197665353;-190.88600167099867 1630.401636057707;510.75112332718027 234.58445401169774;1323.7578084171237 2056.438879226839;2257.363476566091 -426.67336700426176;-1127.2237775192466 -1282.1866287261018;2053.3271682296254 -1583.7938801385583;-1139.6076697579433 1291.8503385270133;-938.6631311108627 1178.920266157263;-2514.158168393262 -2043.2861186992322;2701.922805379758 -1757.7826513599234;-1096.6681265092298 853.0205343617085;-25.31802314537481 -1434.7911743389318;-893.8969186245336 -1949.2088972308945;2535.56880755187 2066.1748722585153;861.4056583081392 -2435.2233553900996;1445.79671451186 1323.5751706082833;1937.3561718043375 2051.1017391207915;2131.8482835726018 -993.3529002745909;1192.431044139354 1628.4224368890318;1635.8156332685821 373.45668052894825;1752.3543802352087 -1138.6780525948718;-1047.790147091873 1606.6922903986597;-347.49256119511574 -1769.7762491732503;-1742.770784084285 -1606.7230006109717;-2432.5117631414564 576.5613566952798;598.9832295271785 -1153.0625936426786;-322.10874977761387 827.5563976093117;294.0022507176245 -1416.1022099582412;-171.5325383097338 -1048.515740764391;1042.2602448856678 -1456.197245000928;-182.51172063611284 2105.7371313410913;-654.8408537598616 -842.1439712246859;-1084.3721456226863 -673.8463543139137;-160.88928664491732 -266.7521364909221;1796.8427046969073 1028.696122798125;1525.0324085695574 -1005.5738062804223;1500.4389350941965 -1639.6427860627455;-374.8989307073357 -231.30530260705928;1004.7317117720063 1824.5560681501765;1741.4769784459695 -2160.37254976041;563.1517879698749 -1746.6094279888016;1581.1952102280256 1968.2953316361072
0,80,24,GA,1.0143480938520462e+26,74604.71045293394,85.13548535426666,nan,3030,3030,0,0,100,0.0,1,-1619.628952028977 -28.685596829822316;-960.7984166849246 1828.5143653353416;-79.59151603907276 -449.8189851191137;869.2726350023263 1391.897346793361;1378.1805642968448 1700.8296043117643;-2580.484486294765 602.188785672578;1425.7405033895593 -1045.4968128199816;-896.9839512461629 -1950.6565155045587;1561.6168493222485 2034.0637356529933;-218.89332896446604 -1700.0242609225525;1819.6648954116145 679.4353976659245;-1544.875426441124 683.9682680242922;-468.4447147762912 -1202.3316444378981;-252.74239645866555 -1403.1919331691488;80.88358414040158 485.1568863654479;-1052.5993863186502 -230.07727930012015;-1967.6876073054977 -2196.90459093033;-1358.918614027713 -517.4945441122013;-265.3061370986752 827.1491715474135;1790.296864572515 -67.38162255471798;-1883.6768478638905 688.1888626862733;-1876.9619573785128 -1997.2220197130007;-2049.0983665380286 1549.5202041939283;-1949.9167132600192 -989.6457597064491;1293.6590106523763 1403.4629895845474;700.883386188817 -737.9251485617181;1613.4518209297094 1334.077853568237;-104.98352128047873 -409.70134093390607;-1261.664589715712 1372.5825225169074;-2039.429192755384 1785.8796274611668;908.7614344696321 1427.1929916333602;1821.8340607721675 599.2762730478203;278.6028436959359 -559.3756291715558;2467.556044747378 -566.7197087080049;-572.9202485219198 500.5407494928636;-2282.6542152812995 2032.1965019571626;-1010.2666987072312 2395.2599452930262;417.23466342276924 -592.824680494678;2126.520086533251 1777.4038665736416;700.9602233770979 -1864.313445169445;-1580.897763641357 -282.8580709836788;2643.361872618124 1285.020124968833;1114.6299764319097 1555.741597923813;-2134.399574570315 -2028.8279224854264;1219.5328017031193 1528.4897925070627;-1503.2519796321071 354.27007495102544;-462.16538327210355 -218.24812288890007;-1186.741474334952 -1899.678365787351;623.0042433225208 589.4502367061955;740.1027904763355 -976.4294394128924;-2505.473701373706 1253.0479968501586;-201.09605749946422 1302.7981019266385;1191.5992004306227 -817.8786926819789;792.2456843076993 432.1821893249562;1413.6723401229847 2022.9007280503074;488.07142260236833 81.95103783150535;-140.9026536913384 510.9335604612793;-2323.5610526660853 802.5617330088999;173.2653926307994 992.2902351881012;-309.7975586027287 555.9888481748603;330.22266413254465 -1585.1758363296242;2428.461140524657 -1918.314899138501;-1883.2895959384648 1699.8076957495086;465.1175905437258 1566.9379003324275;-1830.3776285472768 -456.7089611557576;-2205.695973975511 1963.1355843230513;-790.2532972018389 -432.98374957250553;-2239.0129593105667 -1108.1756684225595;1769.6484121599306 1370.8341601970496;1858.729993852373 -1894.3239402061167;-482.2765743275427 -1906.974248018889;921.3334049801492 65.29114628449224;-361.99944192513885 2190.7481225933043;2023.5402648238414 143.43228889292277;1131.449135722337 -2019.7696620636543;-1752.5911820006486 434.72054343315403;-2127.1943099719115 -559.7061342148477;-1266.761770625979 2079.801388865616;2034.1630178563391 941.5390752490398;2379.433843006217 -48.80203225227751
0,80,25,GA,8.834521739041774e+25,75742.14225385105,85.13548535426666,nan,3030,3030,0,0,100,0.0,1,-2286.3802426439174 1186.1071668169207;2096.1502270314813 1044.2019151136396;2245.922044776582 449.29401919405836;1036.958999372851 -232.2192851457453;1730.2364176521014 917.790434596438;647.7292500992921 -366.7017330963199;1108.6261346937408 -738.5235303696418;-593.2142341120225 -63.9379932912002;1473.3910457653574 569.4383633743341;-1304.125999312659 -284.67998021602216;-1114.949343745211 1965.1782905932378;-1283.0370561559666 -1196.207651133402;-1510.7070616001276 765.8876254703237;599.2584606069104 -1191.5612996599964;821.0822088106434 666.5590817124303;-713.859437468624 -1591.2163480662246;718.6387591735611 1284.975020790971;894.4595036067258 -153.48281904527448;371.7054503518352 -1255.4187311360497;-891.5026357900929 528.1399969649842;-2570.566363193163 166.5746834879974;2251.4759074896474 2134.171436020224;-44.13413901913373 504.8757875581432;-660.8065627719402 -1184.643224016641;2743.7605991711553 945.2212301174459;-1765.9094700622495 1480.8547810201344;1698.5265914290094 -1480.7406256847098;-2628.619697651054 1999.5284563058904;2339.408391931952 -1329.3033594587355;455.0497679836981 -847.5934826455511;-2523.745380060096 500.7194345583139;1989.7538596497807 511.6702305470312;-587.0952997771374 2171.83841290288;-33.00942222417734 1670.039377731854;640.2498807800657 -1499.3597973807591;-730.93589061017 358.3675757261749;-602.7994188842736 -1995.3029268390092;1248.6099551744546 1914.8848225097945;156.05058250061165 1016.0332664390849;125.1460142240112 -1346.7872954371676;-665.3488172264811 114.23524420742069;-864.893352799744 1101.833320244652;-2131.3856250655745 117.71325252104953;2621.1286451319156 -631.5653323741903;-1380.2526591568405 1125.0462728343587;1761.6215082881536 1546.0764730814763;1778.4772876264078 -753.7836187341238;-1992.581384905866 587.886531632194;-615.8500886884544 -934.6475544423536;-157.0690659020429 1936.7558151732164;-1036.8907237456099 -1861.6620347187002;-1560.8595737046517 670.8215406318936;-2519.1751668308407 -613.9409550397249;-1878.7872901988994 32.58103421332771;2407.481170786753 -1744.6992356267692;-910.1942141265347 -1331.8131652341485;1825.6238460882014 -23.2093182219769;2456.284123677028 1467.4742339655195;-214.55534853518748 -863.5796477732856;521.5519767552864 1315.4575663214819;1534.4883959453946 1428.7608836910213;2547.514884443238 -2100.9109581190014;-1955.8281461246158 1508.229246159709;-2179.258365969077 -364.8426434321145;-760.6705474707135 -2382.4934525373774;499.9176135246803 1704.7344569583502;-1331.2936017695429 2026.353742387526;389.3300343708438 -1166.5191464584966;707.1720819443635 2022.9485741609315;1178.1452242749278 -967.493423739133;-1024.3069648575733 1455.084050628715;1322.4439573714485 1976.231910833757;-597.1417362288739 54.98945339026568;-1008.5454706172802 1202.3703278890207;-1545.0435566068431 -1676.1947534619749;-1155.0113579701917 472.8838607859434;201.50935276186738 2023.6948424626562;-915.4019586827519 170.7116805639189;-2184.7106472926775 -1093.7355464223267;-2211.2028925131717 656.2403139347957
0,80,26,GA,1.105675051774288e+26,75893.48474846226,85.13548535426666,nan,3030,3030,0,0,100,0.0,1,2297.9741923051542 -620.1539682071357;569.9102906357916 1675.9910833795584;-2186.9400182274085 -1527.3018188841977;1364.7948409303153 1193.749831082359;-1465.3818291966315 -351.3094045405828;75.84091210041788 495.1680358041008;-36.807797893924544 -1726.7309107759688;-231.91493274201412 -1810.831240798227;-2123.496948875243 2236.617110617247;-371.2723006744927 739.1897072419556;-700.5182529000822 -1045.6000347545057;-1948.2779795014671 -370.85782201993834;-1363.0288936143354 290.6213892875353;2181.4300226885334 721.7139329257188;2564.55683258328 -2178.135896431435;-1254.035523178846 1783.4107846446695;-2403.9503081400762 706.7266481155689;1612.4058475345828 2037.747264114225;16.713338251277946 -479.03736305671873;-527.7536253316043 -1772.1921328970134;-2522.0879274982094 2008.5492031940285;2589.4164275508847 2313.033717725767;1917.4063834864774 1429.7846069336883;-2185.2160921976006 2141.2683353486836;447.79605344462107 -1114.4567755094731;-618.7635158265198 -725.670469656184;2501.670007923073 1430.9949774741672;209.9196958030916 1838.7415357715563;315.8670682042466 2197.102459371533;-809.5083475848858 -1750.887704221696;-573.9586926341144 1693.8841033536792;-2672.3214984430306 1543.0657501755413;541.049469294026 -826.3464863273966;1136.0617061991097 -1928.3285607626492;-931.695409446771 -609.5014947007576;-825.9504163387842 -2042.3126940865077;690.7539641093931 988.683584329643;698.5483806445804 -281.0084359786151;-326.7189675774207 -13.031779261068095;-166.34439385510632 1169.0884269229377;-2086.494720468828 1630.3744617212124;-1315.5482587101567 -1126.3931621441473;1536.5308406928525 247.91740672640253;-42.9948577299142 1057.2735807703916;1871.5959073656895 -926.2802625590587;-2153.906804958363 1434.1959757094965;-1181.980265934495 696.1475424200435;-642.390556252747 -16.577863475814866;810.2552954371881 -126.73959526530098;671.4895519898073 781.6954925017408;1579.3894077722653 1834.0296482830918;1451.376836089149 -1454.207021387075;-2208.9249547267536 1663.7629102261908;-1784.1320013949342 -2097.751129007707;47.09096037071458 -672.9523498045673;-2114.4822865932365 1022.9865602906466;-219.53901883986646 -358.67423738575053;-998.3474160294265 1939.9555875878696;-651.36324968689 -707.6785203210857;226.02661248837694 -1870.7376696811973;-914.4633555176429 -47.12554265637527;-1621.65450316701 -807.744222280018;1103.416733544851 -714.9961996333332;-1159.712476743305 -487.5882432331259;350.40291787453316 923.521471738235;607.1671109316076 -2114.1806769052823;1419.7619005924125 -602.1359772679198;821.0350275654 1415.657556185688;-1159.138694034375 1366.7034611267363;1813.0943264122043 2206.8767011725504;-1548.213697903423 1046.4784732011644;-2728.0229459857887 2268.4733999919335;2368.816047219453 -1969.719770436494;-2114.616940441842 872.5907484529557;153.18052249174207 -1591.6297108076474;-1164.25780427474 -2073.2150151368132;1952.2714016031996 2000.203396900355;1109.227619062708 1440.570188822374;2584.7094208918306 73.16701663811818;177.70574180669837 -298.0683588401321
0,80,27,GA,1.1218008615115223e+26,76318.7383866025,85.13548535426666,nan,3030,3030,0,0,100,0.0,1,-157.4971466645111 -1056.945700345671;2577.117450889532 1194.8950651816513;2140.5438401808506 -332.8710186845374;-1832.446267333692 -550.0626636034622;-138.09982940577402 -1987.76313632753;-1927.9916904234037 -997.6025970711182;1652.3420187715656 749.1682101589877;-1604.730006303107 -1692.428366915152;-1366.3452777170498 786.4874763858234;2514.0250891695378 29.790923983965513;-242.558493510453 149.5496519361359;-462.04992138943635 -2084.050820602428;-1874.948035853633 -334.11318311672767;1889.3565393844538 548.3271177046381;-2446.8665713559385 1503.9617907235724;2553.4256242434676 -2051.731991749035;200.51233129652883 2412.3450735157376;1549.8495398989953 -1035.1730670606432;-2687.416385064619 -531.7399705826615;2714.411736525536 233.99631073621777;22.118543385655357 1083.9577891493714;1940.3618241676486 -2139.940147462461;2215.0796162042298 -1211.968028615998;1570.15142212713 -914.0887543477613;2168.8245815954815 -462.16288677941293;728.0485543818781 586.5192652094152;1327.0692135254685 1366.8260083268187;-1334.8531995861733 1374.7033723083541;171.99973127383873 242.48098693219117;196.29661730175667 -853.9424041321479;-1146.6379459315453 -359.8522485889862;628.028721218268 1068.6625777283657;1911.1182038751658 -1585.1025563069156;-874.1562700230224 239.8571388921173;1906.0488929414378 1390.9887682403323;228.07062240323148 950.304284569323;-1623.4544386974287 -1346.086825643307;2556.1103610060345 550.6106534198989;798.5307897182092 782.1123861329083;-416.1635005889998 1291.848903109984;-625.1117971117833 1924.5342541955079;-944.9959776964126 -580.2499308304264;-2248.7915525310295 1302.3882951224005;-155.63959743571422 1853.6976538252075;-0.6929947370035734 -808.490992350349;-2402.358947365032 -364.0952085200288;-1703.812644750759 1603.437496299569;54.674005428925284 -534.4821817749917;-410.34784533341735 575.3178537161702;2382.9404348557555 2122.102040808938;-643.5032275607778 1055.1808665038811;-676.3890886589152 485.4770829455847;-2493.3634920369104 -690.8703093989129;2165.9058955909595 -1325.3464943548179;-1845.412232415953 1465.3096908314674;229.3892421274977 -433.5314091314126;-2229.179457628678 1136.9865586836504;501.2617421870391 -153.11952766151535;215.92406415807682 514.4858558842075;949.1143127784189 -1582.9604814822633;-1599.130029235752 681.4387654727411;1101.369884980526 -27.22232154125959;337.2139563059509 -2124.363233460712;1462.7208933773218 -1329.065401079828;-2179.768062407212 1993.6597789002171;-1583.5841159476943 -2001.996029039742;1508.9921641224482 1880.768401371256;-993.3927984669799 2011.9198423601165;1206.9590341516255 1505.6385899801735;-1181.9460288758557 718.723984115963;2675.041430395724 -1936.7235039055288;-1150.2479402284055 2349.5321403677935;2331.8744700072157 -1494.8120059638807;-1022.5457753604132 470.26615998200896;-696.7333011889209 223.56730898785554;-1577.834609354695 -777.4673662719706;-1669.712690224689 2201.47574452572;2208.406671966335 1724.9334135499084;2165.492757829853 -1814.9127437438342;-1847.8437462306933 -1054.582255965129
0,80,28,GA,7.1667169141579524e+25,76003.36738613536,85.13548535426666,nan,3030,3030,0,0,100,0.0,1,-331.7914031814794 2093.535561254781;1455.7830866129298 -904.6001438570308;-1495.979306101314 1519.3919838662905;248.59219355627056 -674.9437937785915;1748.1976975574353 -1407.1503197287102;-2137.6487338375364 28.200890877134498;-2654.9414799787005 1760.501893764811;231.3099626605508 -380.409438996428;907.6877239323494 -1366.245354344766;-2402.9010527428723 -1686.9171155171284;-540.4450690309 25.36653438273015;-1457.7649840250049 -851.5340561348714;-473.35356147899074 -212.2498670438672;-1767.1155634824868 -1336.4935208042573;-2173.7486878898585 529.110043853842;-1950.3331667165558 1448.7416116509048;-235.62303598430435 1146.0590216895903;-2056.2809732135916 -1062.154921378657;-878.8974897435005 -866.9598396104025;1567.8921782698562 68.02699167957189;-1411.7029760604594 -752.153845394877;-1895.9949925562023 -294.6846246642449;1010.4646908317291 -1513.2202762221355;1800.6039177945013 1293.8752116809183;2030.7178930833907 300.92447339930095;852.7730034137203 -1789.7720703197901;467.15189576481816 1631.812554883969;242.66999166605137 -219.257741399133;-2532.079952460337 117.97413249885176;37.47935565251373 260.74537792625097;74.10947535763034 -2192.11314757795;2304.007145963419 32.647362885457824;621.8469218212158 -1741.5777588938602;-1526.1618869800411 -1633.2349041696532;-272.13229093266773 -1371.9547536683513;-2072.9707453544934 -2017.8070195347332;1262.25824128778 1078.4684103456966;-2335.846554159195 1930.9253988285664;663.7367940120562 -838.6098345378643;-1656.0590148124313 -1563.2471524014898;2270.7082229427633 1653.179810698447;-1322.4208201265474 -628.3019623458531;150.1074845486487 -1128.0789801655471;1739.2141179291184 -1942.66749927082;-1373.2290529823485 1670.918844633633;-2370.2370110344123 -2042.2431587694082;-2410.344934152461 758.5812655256323;2473.6843513335552 1968.7214294046735;2698.998755828551 -455.7781010373442;-1676.4732631311688 -2334.0535549531046;890.7518603886606 -579.6464510093338;1608.5476348596494 1345.8618391292057;-1886.4597254887697 -1480.9289421973956;-1486.1258803496644 451.6373956311372;1866.5567677164881 -1667.9728857052505;-370.0530190796735 1922.0862045646409;-1921.5310525547875 2093.9671773342434;-186.82061796490734 -585.5128988684896;157.3485561097359 1523.54743328912;2036.4175745712946 587.6203077435844;1873.8117328528924 -284.79787883163954;-42.70635481153249 -529.2649474084046;2689.2842753642835 -835.2302306121705;2120.397393065942 -1803.4069721008573;-741.8242333639653 431.9123039656047;-2238.2804065383234 -185.81857539364864;-2028.493632269106 878.2359392777803;-1715.432290176744 1128.3033574598517;-814.5496702524326 1142.2318101618748;2278.6124213977064 474.643162854873;-1053.1219939085504 -527.1920846027065;-639.3008798975884 -1924.381137429253;-155.2419528203086 -1017.9541020799136;-1408.8470336821283 -1527.926188838374;1574.9770646585284 -1037.4158562096122;-1689.9897405689135 -534.148068850347;2675.893926583183 -1685.1108215898005;-2086.1882530388298 -758.0947854559358;-1557.558941971531 271.5331181294182;1576.279016992331 -1377.090629126978
0,80,29,GA,8.17419174347462e+25,74255.90266542215,85.13548535426666,nan,3030,3030,0,0,100,0.0,1,291.83449936865645 -1438.1991588411565;922.0410389709596 1365.1276335281837;2101.891617659282 -1790.1658998167459;1019.4466534666471 -802.8209623723744;161.78769406571064 -1494.3168496936999;339.48547365857803 -1087.4816291688892;-1424.782616888545 1891.558738946871;1378.663827913284 1536.0211473686559;1712.6823322664304 -1855.0410511779955;-935.1411822411703 418.36634655536955;753.548292748671 331.05319331192277;2515.9345315528944 -1732.5244753840875;312.86549303830907 -1712.2698235264959;378.70788543055414 1389.9697994279804;-1774.0423016684733 -1891.3832388118149;-1559.4794844861067 1567.9655743534213;1054.313284284212 568.6689392794488;-1363.3333787275433 1457.8321853714315;-1025.9514083166157 1766.2099325804884;-1731.0760630144873 -445.58819258836274;-1504.0452530797 -1694.8520940468165;-1993.0837123679607 -1908.645083613605;-600.3472652661421 858.9451170300763;1832.8468670298998 -1607.9658570703207;-2195.5542893701313 1284.7747233657315;482.00236774520545 -336.20397481824966;1548.0328418542213 1897.9882563007814;869.1567707796853 -1999.0707729506519;-2376.9395043537065 -167.51963180217672;-2162.230588321644 -434.1644017621502;886.6109663819316 1150.3354332152162;-1214.7093122707415 639.434453481229;1726.8295902030295 -1227.0224401903617;336.7680678918605 1917.1617290166078;1603.8913545624328 -237.97004653849353;-1549.3289761139863 765.0232579233489;1696.062058743235 -2160.0885220875452;-1000.2438768508966 -1204.0580421420714;-1310.461681390078 -963.5213811735377;-304.45355644326037 1237.6577040114753;713.5962127571006 1549.8105848864134;-2649.340193875341 1658.7417683119602;2005.6452910701319 1484.1620255447242;1333.2077929455554 1752.0175142953167;-502.4454523248319 1494.7518195546454;1806.6128944629027 2060.574588733276;-2631.2536406235536 -1358.3687870603248;807.1151361296579 1932.9654729759468;511.6136860838178 -686.1577473886855;-1312.2432527022074 -1667.3173326656436;814.9288311558198 -857.8190478062752;1283.9931643417917 -1481.6893802153395;-7.024172832956083 -1756.5462604169231;1606.6308471213615 1630.55422776476;-2098.0904023871844 -500.71628448924594;812.6649582726714 423.5291076540493;481.4307848576045 2077.156422356894;-721.3393713920311 338.809515196373;-2364.8843696759886 619.7513674381357;-1187.9797299173308 -2231.324215410572;2242.827561762143 -1731.4604035060106;-2347.468925934312 -188.17965214522292;1469.0665593955673 1025.0607481176912;-825.7394849366806 -1231.7493316841144;1516.5747701907385 -308.44963460915733;2412.3115762474763 -681.9728520837734;-1377.3251323631039 -2003.2400756549182;-1194.3675075947708 1752.3420565696615;-1557.3615504706786 -1478.7075741333172;608.6397656552058 -1688.9841805182248;464.11946877944865 -1805.5271819651302;-2582.5036710153513 1337.4769279378124;-342.25418278551615 1116.2306931994126;1899.454115527923 -203.9808435195764;-1390.6714501181655 -313.9321150435885;1769.0976310457936 217.6851808297224;-1173.7446900417249 -668.2835550950049;1217.0756730294743 387.76450690428646;-2129.380926270013 -1774.286342849853;-2623.547516820346 -606.9132803928555
0,80,30,GA,8.862017920744048e+25,74522.57466448526,85.13548535426666,nan,3030,3030,0,0,100,0.0,1,1523.7677943272784 -1863.734193843257;426.8605669558806 1404.980052862843;-159.7782037798661 -221.26776783028026;2032.108220463082 -1736.2318224035503;-373.2371568441222 1311.7827172612128;-874.8043570377422 1685.462407071709;0.302418608818698 -1893.7564279980875;2668.9215671589245 307.0254205636061;2325.01493252573 -1131.2888533144492;-1171.9312106747102 -1768.899586372902;948.1563008263952 -1385.2311416325201;1316.0398741528838 -620.9576139468013;1427.2816463508007 980.3425752209246;925.7065968283364 -1412.0759095880724;-2204.6094974443836 -1682.341129017168;-2159.363111583669 458.43934463325013;-2445.016854143538 528.8372159301366;1458.8925005701722 -1019.7015491412817;-554.0815983539605 1072.7021396334926;1191.1055986142005 1842.0546183326605;226.57085326223978 -84.792852194224;1572.7487258133597 -1282.4772977597927;1249.730178962439 -1718.3452277661581;-2500.4719429821516 463.34173460851207;-1708.820414141459 1077.2873598342994;-2535.4816973165803 2151.258893571702;-1911.0762520884314 -1567.0295197566288;-1622.5186220699613 -1758.8748084009408;109.31635496299396 -2008.9796497755867;343.2233000672818 -878.6051372061409;409.476026660142 2300.021537959944;-171.7841567060409 -1849.5012326189753;758.9619961099902 -207.77201185318881;2080.9538227076937 1441.502451613359;820.8043299737515 1489.067481927118;1687.199755260899 1125.615930751383;-1489.8003101754286 478.68871557365264;2290.8972558435544 1608.6484763824265;-689.8541382883727 166.03685641869924;-2327.062139389332 956.3174886780935;-782.125459776046 -199.59143660549535;-594.5346204383559 496.99443990221107;1626.3410301263739 -1905.2006041026525;-1481.3532899906572 1858.0487940911116;-16.142924230021436 -1547.095001009381;1966.2409158482042 -479.76032827578956;1312.2491655395543 212.02860538994855;1903.9710460154456 1235.9146381208789;626.24295910727 -1193.3509232736747;-802.7482461011998 -987.8464712908494;122.35697054694492 -2270.620801838633;-1545.751522038365 -264.3343064115338;535.607676384659 501.6654704847597;-1838.6953747121534 -757.9028521122902;1244.1903556244065 -331.73406811659424;1018.3071100128664 1210.2799551514072;453.82786797541394 377.9817652448801;910.5459367406393 977.2997338490859;-2519.0430529604246 1180.1849791491259;1212.9953724043712 -1505.2025593633452;955.5440610292362 460.5854577241971;-2462.2034340867435 1462.4987267761271;1983.0205671664662 -426.722981272223;-1931.9453954881633 -349.63260822398115;1292.1932581214292 -1913.4085327845771;-466.5669738524052 1351.4782179814738;-1908.4260719083243 -930.7131039953817;-352.7602569285227 420.32074156519;412.586480698631 -2128.614353235013;-1116.66066322847 990.3582763699205;135.00063707646723 -1043.5323200317418;-2274.8291328560954 1751.3876983599675;1985.443072910295 -1759.2379872580937;2305.8040222152404 964.087683374406;-1843.5492805790786 685.5363146877689;2529.6601130034633 590.5727028947663;2116.640968681191 -705.3256068325923;1955.479969705697 1994.0885458515095;1559.1925139722453 -479.09777860375834;-2216.628981384874 -545.3311522007011
